{
  "title" : "NSW Schools Business Capability Model",
  "version" : "1.0",
  "objectives" : [ {
    "label" : "C.1",
    "title" : "Teaching and Learning Operations",
    "items" : [ {
      "label" : "C.1.1",
      "description" : "Develop Educational Leadership and Continuous Improvement",
      "cells" : [ {
        "label" : "C.1.1.1",
        "description" : "Develop and Maintain Instructional Leadership"
      }, {
        "label" : "C.1.1.2",
        "description" : "Develop and Enhance Teaching Capabilities"
      }, {
        "label" : "C.1.1.3",
        "description" : "Maintain Professional Accreditation"
      }, {
        "label" : "C.1.1.4",
        "description" : "Build and Foster a High Expectation Culture"
      } ]
    }, {
      "label" : "C.1.2",
      "description" : "Know Students and Teaching Content",
      "cells" : [ {
        "label" : "C.1.2.1",
        "description" : "Understand Students and Their Learning Needs"
      }, {
        "label" : "C.1.2.2",
        "description" : "Understand Content and Teaching Methods"
      } ]
    }, {
      "label" : "C.1.3",
      "description" : "Plan and Execute Teaching and Learning",
      "cells" : [ {
        "label" : "C.1.3.1",
        "description" : "Plan and Implement Effective Teaching and Learning"
      }, {
        "label" : "C.1.3.2",
        "description" : "Create and Maintain Supportive and Safe Learning Environments"
      }, {
        "label" : "C.1.3.3",
        "description" : "Assess, Provide Feedback and Report on Student Learning"
      } ]
    }, {
      "label" : "C.1.4",
      "description" : "Establish and Maintain Professional Relationships",
      "cells" : [ {
        "label" : "C.1.4.1",
        "description" : "Engage Professional with Parents/Carers"
      }, {
        "label" : "C.1.4.2",
        "description" : "Engage Professionally with Colleagues and Professional Communities"
      } ]
    } ]
  }, {
    "label" : "C.2",
    "title" : "Student Administration and Support Operations",
    "items" : [ {
      "label" : "C.2.1",
      "description" : "Manage Student Administration",
      "cells" : [ {
        "label" : "C.2.1.1",
        "description" : "Plan and Manage Student Enrollment"
      }, {
        "label" : "C.2.1.2",
        "description" : "Manage Current Students"
      }, {
        "label" : "C.2.1.3",
        "description" : "Manage Overseas Students"
      }, {
        "label" : "C.2.1.4",
        "description" : "Manage Outgoing Students"
      } ]
    }, {
      "label" : "C.2.2",
      "description" : "Schedule and Coordinate Programs/Courses",
      "cells" : [ {
        "label" : "C.2.2.1",
        "description" : "Manage Calendar and Timetable"
      }, {
        "label" : "C.2.2.2",
        "description" : "Manage Teaching Support Materials and Resources"
      }, {
        "label" : "C.2.2.3",
        "description" : "Coordinate Between Different Courses"
      } ]
    }, {
      "label" : "C.2.3",
      "description" : "Coordinate and Manage Student Services",
      "cells" : [ {
        "label" : "C.2.3.1",
        "description" : "Manage Financial Contributions"
      }, {
        "label" : "C.2.3.2",
        "description" : "Manage Financial Aid/Assistance"
      }, {
        "label" : "C.2.3.3",
        "description" : "Develop and Manage Student Excursions and Events"
      }, {
        "label" : "C.2.3.4",
        "description" : "Design and Deliver Other Student Services"
      } ]
    }, {
      "label" : "C.2.4",
      "description" : "Design and Deliver Student Wellbeing Services",
      "cells" : [ {
        "label" : "C.2.4.1",
        "description" : "Manage Disability and Additional Learning Needs Support"
      }, {
        "label" : "C.2.4.2",
        "description" : "Manage Student Behaviour and Engagement"
      }, {
        "label" : "C.2.4.3",
        "description" : "Monitor Child Protection Requirements"
      }, {
        "label" : "C.2.4.4",
        "description" : "Manage Counselling & Case Management Services"
      }, {
        "label" : "C.2.4.5",
        "description" : "Maintain Student Health and Physical Care Services"
      }, {
        "label" : "C.2.4.6",
        "description" : "Provide Other Wellbeing Services"
      } ]
    } ]
  }, {
    "label" : "C.3",
    "title" : "School Management",
    "items" : [ {
      "label" : "C.3.1",
      "description" : "Establish Strategy and School Plan",
      "cells" : [ {
        "label" : "C.3.1.1",
        "description" : "Develop School Vision, Strategy & Plan"
      }, {
        "label" : "C.3.1.2",
        "description" : "Manage School on a Daily Basis"
      }, {
        "label" : "C.3.1.3",
        "description" : "Implement and Manage Compliance and Foster Ethics"
      }, {
        "label" : "C.3.1.4",
        "description" : "Monitor, Develop and Enhance School Capabilities"
      } ]
    }, {
      "label" : "C.3.2",
      "description" : "Develop and Manage Human Resources",
      "cells" : [ {
        "label" : "C.3.2.1",
        "description" : "Manage HR Planning and Implement Policies and Strategies"
      }, {
        "label" : "C.3.2.2",
        "description" : "Facilitate Recruiment and Onboard New Employees"
      }, {
        "label" : "C.3.2.3",
        "description" : "Develop and Support Employees"
      }, {
        "label" : "C.3.2.4",
        "description" : "Facilitate Recognition, Retention, and Engagement of Employees"
      }, {
        "label" : "C.3.2.5",
        "description" : "Facilitate Employee Movements"
      }, {
        "label" : "C.3.2.6",
        "description" : "Manage HR Information and Employee Records"
      } ]
    }, {
      "label" : "C.3.3",
      "description" : "Manage Data and Information Technology",
      "cells" : [ {
        "label" : "C.3.3.1",
        "description" : "Design and Manage School Information Technology"
      }, {
        "label" : "C.3.3.2",
        "description" : "Implement and Maintain School Information Technology Solutions"
      }, {
        "label" : "C.3.3.3",
        "description" : "Manage School Data and Information Management"
      }, {
        "label" : "C.3.3.4",
        "description" : "Manage School Information Security and Data Protection"
      } ]
    }, {
      "label" : "C.3.4",
      "description" : "Plan and Manage Financial Resources",
      "cells" : [ {
        "label" : "C.3.4.1",
        "description" : "Plan and Manage School Funding"
      }, {
        "label" : "C.3.4.2",
        "description" : "Perform Management Accounting and Spending Analysis"
      }, {
        "label" : "C.3.4.3",
        "description" : "Manage Debits and Credits"
      }, {
        "label" : "C.3.4.4",
        "description" : "Manage Banking and Cash Drawer Operations"
      }, {
        "label" : "C.3.4.5",
        "description" : "Manage Internal Controls and Audit"
      } ]
    }, {
      "label" : "C.3.5",
      "description" : "Manage School Assets and Facilities",
      "cells" : [ {
        "label" : "C.3.5.1",
        "description" : "Maintain Property Assets"
      }, {
        "label" : "C.3.5.2",
        "description" : "Clean Facilities and School Grounds"
      }, {
        "label" : "C.3.5.3",
        "description" : "Procure, Purchase, Lease and Manage School Assets"
      }, {
        "label" : "C.3.5.4",
        "description" : "Re-Lease Property and School Assets"
      }, {
        "label" : "C.3.5.5",
        "description" : "Manage Inventory and Storage of School Assets and Materials"
      }, {
        "label" : "C.3.5.6",
        "description" : "Manage School Asset Disposal and Rubbish Collection"
      } ]
    }, {
      "label" : "C.3.6",
      "description" : "Manage Risk, Safety and Compliance",
      "cells" : [ {
        "label" : "C.3.6.1",
        "description" : "Manage School Risks"
      }, {
        "label" : "C.3.6.2",
        "description" : "Plan and Deliver School Health and Safety Measures"
      }, {
        "label" : "C.3.6.3",
        "description" : "Manage Emergency and Incident Response Processes"
      }, {
        "label" : "C.3.6.4",
        "description" : "Manage Employee and Visitor Health and Safety"
      }, {
        "label" : "C.3.6.5",
        "description" : "Manage Health and Safety Compliance"
      } ]
    }, {
      "label" : "C.3.7",
      "description" : "Manage Communications and External Relationships",
      "cells" : [ {
        "label" : "C.3.7.1",
        "description" : "Manage and Facilitate Communication"
      }, {
        "label" : "C.3.7.2",
        "description" : "Manage Department and Community of Schools Relationships"
      }, {
        "label" : "C.3.7.3",
        "description" : "Manage Relationships with Government Entities"
      }, {
        "label" : "C.3.7.4",
        "description" : "Manage Community Engagement"
      }, {
        "label" : "C.3.7.5",
        "description" : "Manage Other External Stakeholder Relationships"
      }, {
        "label" : "C.3.7.6",
        "description" : "Manage Marketing and Promotion"
      } ]
    } ]
  } ]
}