[ {
  "id" : 1566948445382,
  "stage" : null,
  "category" : "Working Scientifically Skills",
  "groupTitle" : "Questioning and Predicting",
  "outcomes" : {
    "label" : null,
    "outcomes" : [ {
      "code" : "CH11/12-1",
      "description" : "develops and evaluates questions and hypotheses for scientific investigation"
    } ]
  },
  "content" : {
    "label" : null,
    "groups" : [ {
      "headline" : null,
      "items" : [ {
        "ccode" : "(ACSCH001, ACSCH061, ACSCH096)",
        "text" : "develop and evaluate inquiry questions and hypotheses to identify a concept that can be investigated scientifically, involving primary and secondary data",
        "type" : "description",
        "subItems" : [ ]
      }, {
        "ccode" : null,
        "text" : "modify questions and hypotheses to reflect new evidence",
        "type" : "description",
        "subItems" : [ ]
      } ]
    } ]
  }
}, {
  "id" : 1566948445383,
  "stage" : null,
  "category" : "Working Scientifically Skills",
  "groupTitle" : "Planning Investigations",
  "outcomes" : {
    "label" : null,
    "outcomes" : [ {
      "code" : "CH11/12-2",
      "description" : "designs and evaluates investigations in order to obtain primary and secondary data and information"
    } ]
  },
  "content" : {
    "label" : null,
    "groups" : [ {
      "headline" : null,
      "items" : [ {
        "ccode" : "(ACSCH031, ACSCH097)",
        "text" : "assess risks, consider ethical issues and select appropriate materials and technologies when designing and planning an investigation",
        "type" : "description",
        "subItems" : [ ]
      }, {
        "ccode" : "(ACSCH002)",
        "text" : "justify and evaluate the use of variables and experimental controls to ensure that a valid procedure is developed that allows for the reliable collection of data",
        "type" : "description",
        "subItems" : [ ]
      }, {
        "ccode" : null,
        "text" : "evaluate and modify an investigation in response to new evidence",
        "type" : "description",
        "subItems" : [ ]
      } ]
    } ]
  }
}, {
  "id" : 1566948445384,
  "stage" : null,
  "category" : "Working Scientifically Skills",
  "groupTitle" : "Conducting Investigations",
  "outcomes" : {
    "label" : null,
    "outcomes" : [ {
      "code" : "CH11/12-3",
      "description" : "conducts investigations to collect valid and reliable primary and secondary data and information"
    } ]
  },
  "content" : {
    "label" : null,
    "groups" : [ {
      "headline" : null,
      "items" : [ {
        "ccode" : "(ACSCH031)",
        "text" : "employ and evaluate safe work practices and manage risks",
        "type" : "description",
        "subItems" : [ ]
      }, {
        "ccode" : null,
        "text" : "use appropriate technologies to ensure and evaluate accuracy",
        "type" : "description",
        "subItems" : [ ]
      }, {
        "ccode" : null,
        "text" : "select and extract information from a wide range of reliable secondary sources and acknowledge them using an accepted referencing style",
        "type" : "description",
        "subItems" : [ ]
      } ]
    } ]
  }
}, {
  "id" : 1566948445385,
  "stage" : null,
  "category" : "Working Scientifically Skills",
  "groupTitle" : "Processing Data and Information",
  "outcomes" : {
    "label" : null,
    "outcomes" : [ {
      "code" : "CH11/12-4",
      "description" : "selects and processes appropriate qualitative and quantitative data and information using a range of appropriate media"
    } ]
  },
  "content" : {
    "label" : null,
    "groups" : [ {
      "headline" : null,
      "items" : [ {
        "ccode" : "(ACSCH004, ACSCH007, ACSCH064, ACSCH101)",
        "text" : "select qualitative and quantitative data and information and represent them using a range of formats, digital technologies and appropriate media",
        "type" : "description",
        "subItems" : [ ]
      }, {
        "ccode" : null,
        "text" : "apply quantitative processes where appropriate",
        "type" : "description",
        "subItems" : [ ]
      }, {
        "ccode" : null,
        "text" : "evaluate and improve the quality of data",
        "type" : "description",
        "subItems" : [ ]
      } ]
    } ]
  }
}, {
  "id" : 1566948445386,
  "stage" : null,
  "category" : "Working Scientifically Skills",
  "groupTitle" : "Analysing Data and Information",
  "outcomes" : {
    "label" : null,
    "outcomes" : [ ]
  },
  "content" : {
    "label" : null,
    "groups" : [ {
      "headline" : null,
      "items" : [ {
        "ccode" : null,
        "text" : "derive trends, patterns and relationships in data and information",
        "type" : "description",
        "subItems" : [ ]
      }, {
        "ccode" : "(ACSCH004, ACSCH005, ACSCH033, ACSCH099)",
        "text" : "assess error, uncertainty and limitations in data",
        "type" : "description",
        "subItems" : [ ]
      }, {
        "ccode" : "(ACSCH005)",
        "text" : "assess the relevance, accuracy, validity and reliability of primary and secondary data and suggest improvements to investigations",
        "type" : "description",
        "subItems" : [ ]
      } ]
    } ]
  }
}, {
  "id" : 1566948445387,
  "stage" : null,
  "category" : "Working Scientifically Skills",
  "groupTitle" : "Problem Solving",
  "outcomes" : {
    "label" : null,
    "outcomes" : [ {
      "code" : "CH11/12-6",
      "description" : "solves scientific problems using primary and secondary data, critical thinking skills and scientific processes"
    } ]
  },
  "content" : {
    "label" : null,
    "groups" : [ {
      "headline" : null,
      "items" : [ {
        "ccode" : "(ACSCH006, ACSCH010)",
        "text" : "use modelling (including mathematical examples) to explain phenomena, make predictions and solve problems using evidence from primary and secondary sources",
        "type" : "description",
        "subItems" : [ ]
      }, {
        "ccode" : null,
        "text" : "use scientific evidence and critical thinking skills to solve problems",
        "type" : "description",
        "subItems" : [ ]
      } ]
    } ]
  }
}, {
  "id" : 1566948445388,
  "stage" : null,
  "category" : "Working Scientifically Skills",
  "groupTitle" : "Communicating",
  "outcomes" : {
    "label" : null,
    "outcomes" : [ {
      "code" : "CH11/12-7",
      "description" : "communicates scientific understanding using suitable language and terminology for a specific audience or purpose"
    } ]
  },
  "content" : {
    "label" : null,
    "groups" : [ {
      "headline" : null,
      "items" : [ {
        "ccode" : null,
        "text" : "select and use suitable forms of digital, visual, written and/or oral communication",
        "type" : "description",
        "subItems" : [ ]
      }, {
        "ccode" : "(ACSCH008, ACSCH036, ACSCH067, ACSCH102)",
        "text" : "select and apply appropriate scientific notations, nomenclature and scientific language to communicate in a variety of contexts",
        "type" : "description",
        "subItems" : [ ]
      }, {
        "ccode" : "(ACSCH034, ACSCH036)",
        "text" : "construct evidence-based arguments and engage in peer feedback to evaluate an argument or conclusion",
        "type" : "description",
        "subItems" : [ ]
      } ]
    } ]
  }
}, {
  "id" : 1566948445389,
  "stage" : null,
  "category" : "Working Scientifically Skills",
  "groupTitle" : "Module 1: Properties and Structure of Matter",
  "outcomes" : {
    "label" : null,
    "outcomes" : [ {
      "code" : "CH11/12-2",
      "description" : "designs and evaluates investigations in order to obtain primary and secondary data and information"
    }, {
      "code" : "CH11/12-3",
      "description" : "conducts investigations to collect valid and reliable primary and secondary data and information"
    }, {
      "code" : "CH11/12-4",
      "description" : "selects and processes appropriate qualitative and quantitative data and information using a range of appropriate media"
    }, {
      "code" : "CH11/12-7",
      "description" : "communicates scientific understanding using suitable language and terminology for a specific audience or purpose"
    }, {
      "code" : "CH11-8",
      "description" : "explores the properties and trends in the physical, structural and chemical aspects of matter"
    } ]
  },
  "content" : {
    "label" : null,
    "groups" : [ {
      "headline" : "Properties of Matter",
      "items" : [ {
        "ccode" : null,
        "text" : "Inquiry question: How do the properties of substances help us to classify and separate them?",
        "type" : "description",
        "subItems" : [ ]
      }, {
        "ccode" : null,
        "text" : "explore homogeneous mixtures and heterogeneous mixtures through practical investigations:",
        "type" : "description",
        "subItems" : [ ]
      }, {
        "ccode" : "(ACSCH026)",
        "text" : "using separation techniques based on physical properties",
        "type" : "description",
        "subItems" : [ ]
      }, {
        "ccode" : "(ACSCH007)",
        "text" : "calculating percentage composition by weight of component elements and/or compounds",
        "type" : "description",
        "subItems" : [ ]
      }, {
        "ccode" : null,
        "text" : "investigate the nomenclature of inorganic substances using International Union of Pure and Applied Chemistry (IUPAC) naming conventions",
        "type" : "description",
        "subItems" : [ ]
      }, {
        "ccode" : null,
        "text" : "classify the elements based on their properties and position in the periodic table through their:",
        "type" : "description",
        "subItems" : [ ]
      } ]
    }, {
      "headline" : "Atomic structure and atomic mass",
      "items" : [ {
        "ccode" : null,
        "text" : "Inquiry question: Why are atoms of elements different from one another?",
        "type" : "description",
        "subItems" : [ ]
      }, {
        "ccode" : null,
        "text" : "their position in the periodic table",
        "type" : "description",
        "subItems" : [ ]
      }, {
        "ccode" : null,
        "text" : "the distribution of electrons, protons and neutrons in the atom",
        "type" : "description",
        "subItems" : [ ]
      }, {
        "ccode" : null,
        "text" : "representation of the symbol, atomic number and mass number (nucleon number)",
        "type" : "description",
        "subItems" : [ ]
      }, {
        "ccode" : "(ACSCH017, ACSCH018, ACSCH020, ACSCH022)",
        "text" : "model the atom’s discrete energy levels, including electronic configuration and spdf notation",
        "type" : "description",
        "subItems" : [ ]
      }, {
        "ccode" : "(ACSCH024)",
        "text" : "calculate the relative atomic mass from isotopic composition",
        "type" : "description",
        "subItems" : [ ]
      }, {
        "ccode" : null,
        "text" : "investigate energy levels in atoms and ions through:",
        "type" : "description",
        "subItems" : [ ]
      }, {
        "ccode" : "(ACSCH019)",
        "text" : "collecting primary data from a flame test using different ionic solutions of metals",
        "type" : "description",
        "subItems" : [ ]
      }, {
        "ccode" : null,
        "text" : "examining spectral evidence for the Bohr model and introducing the Schrödinger model",
        "type" : "description",
        "subItems" : [ ]
      }, {
        "ccode" : null,
        "text" : "investigate the properties of unstable isotopes using natural and human-made radioisotopes as examples, including but not limited to:",
        "type" : "description",
        "subItems" : [ ]
      }, {
        "ccode" : null,
        "text" : "types of balanced nuclear reactions",
        "type" : "description",
        "subItems" : [ ]
      } ]
    }, {
      "headline" : "Periodicity",
      "items" : [ {
        "ccode" : null,
        "text" : "Inquiry question: Are there patterns in the properties of elements?",
        "type" : "description",
        "subItems" : [ ]
      }, {
        "ccode" : null,
        "text" : "demonstrate, explain and predict the relationships in the observable trends in the physical and chemical properties of elements in periods and groups in the periodic table, including but not limited to:",
        "type" : "description",
        "subItems" : [ ]
      }, {
        "ccode" : null,
        "text" : "state of matter at room temperature",
        "type" : "description",
        "subItems" : [ ]
      }, {
        "ccode" : null,
        "text" : "electronic configurations and atomic radii",
        "type" : "description",
        "subItems" : [ ]
      }, {
        "ccode" : null,
        "text" : "first ionisation energy and electronegativity",
        "type" : "description",
        "subItems" : [ ]
      }, {
        "ccode" : null,
        "text" : "reactivity with water",
        "type" : "description",
        "subItems" : [ ]
      } ]
    }, {
      "headline" : "Bonding",
      "items" : [ {
        "ccode" : null,
        "text" : "Inquiry question: What binds atoms together in elements and compounds?",
        "type" : "description",
        "subItems" : [ ]
      }, {
        "ccode" : null,
        "text" : "investigate the role of electronegativity in determining the ionic or covalent nature of bonds between atoms",
        "type" : "description",
        "subItems" : [ ]
      }, {
        "ccode" : null,
        "text" : "investigate the differences between ionic and covalent compounds through:",
        "type" : "description",
        "subItems" : [ ]
      }, {
        "ccode" : "(ACSCH029)",
        "text" : "using nomenclature, valency and chemical formulae (including Lewis dot diagrams)",
        "type" : "description",
        "subItems" : [ ]
      }, {
        "ccode" : null,
        "text" : "examining the spectrum of bonds between atoms with varying degrees of polarity with respect to their constituent elements’ positions on the periodic table",
        "type" : "description",
        "subItems" : [ ]
      }, {
        "ccode" : "(ACSCH056, ACSCH057)",
        "text" : "modelling the shapes of molecular substances",
        "type" : "description",
        "subItems" : [ ]
      }, {
        "ccode" : null,
        "text" : "investigate elements that possess the physical property of allotropy",
        "type" : "description",
        "subItems" : [ ]
      }, {
        "ccode" : null,
        "text" : "investigate the different chemical structures of atoms and elements, including but not limited to:",
        "type" : "description",
        "subItems" : [ ]
      }, {
        "ccode" : null,
        "text" : "covalent networks (including diamond and silicon dioxide)",
        "type" : "description",
        "subItems" : [ ]
      }, {
        "ccode" : null,
        "text" : "explore the similarities and differences between the nature of intermolecular and intramolecular bonds and the strength of the forces associated with each, in order to explain the:",
        "type" : "description",
        "subItems" : [ ]
      }, {
        "ccode" : null,
        "text" : "physical properties of elements",
        "type" : "description",
        "subItems" : [ ]
      }, {
        "ccode" : "(ACSCH020, ACSCH055, ACSCH058)",
        "text" : "physical properties of compounds",
        "type" : "description",
        "subItems" : [ ]
      } ]
    } ]
  }
}, {
  "id" : 1566948445390,
  "stage" : null,
  "category" : "Working Scientifically Skills",
  "groupTitle" : "Module 2: Introduction to Quantitative Chemistry",
  "outcomes" : {
    "label" : null,
    "outcomes" : [ {
      "code" : "CH11/12-2",
      "description" : "designs and evaluates investigations in order to obtain primary and secondary data and information"
    }, {
      "code" : "CH11/12-4",
      "description" : "selects and processes appropriate qualitative and quantitative data and information using a range of appropriate media"
    }, {
      "code" : "CH11/12-6",
      "description" : "solves scientific problems using primary and secondary data, critical thinking skills and scientific processes"
    }, {
      "code" : "CH11-9",
      "description" : "describes, applies and quantitatively analyses the mole concept and stoichiometric relationships"
    } ]
  },
  "content" : {
    "label" : null,
    "groups" : [ {
      "headline" : "Chemical Reactions and Stoichiometry",
      "items" : [ {
        "ccode" : null,
        "text" : "Inquiry question: What happens in chemical reactions?",
        "type" : "description",
        "subItems" : [ ]
      }, {
        "ccode" : null,
        "text" : "conduct practical investigations to observe and measure the quantitative relationships of chemical reactions, including but not limited to:",
        "type" : "description",
        "subItems" : [ ]
      }, {
        "ccode" : null,
        "text" : "masses of solids and/or liquids in chemical reactions",
        "type" : "description",
        "subItems" : [ ]
      }, {
        "ccode" : "(ACSCH046)",
        "text" : "volumes of gases in chemical reactions",
        "type" : "description",
        "subItems" : [ ]
      }, {
        "ccode" : null,
        "text" : "relate stoichiometry to the law of conservation of mass in chemical reactions by investigating:",
        "type" : "description",
        "subItems" : [ ]
      }, {
        "ccode" : "(ACSCH039)",
        "text" : "balancing chemical equations",
        "type" : "description",
        "subItems" : [ ]
      }, {
        "ccode" : "(ACSCH046)",
        "text" : "solving problems regarding mass changes in chemical reactions",
        "type" : "description",
        "subItems" : [ ]
      } ]
    }, {
      "headline" : "Mole Concept",
      "items" : [ {
        "ccode" : null,
        "text" : "Inquiry question: How are measurements made in chemistry?",
        "type" : "description",
        "subItems" : [ ]
      }, {
        "ccode" : null,
        "text" : "conduct a practical investigation to demonstrate and calculate the molar mass (mass of one mole) of:",
        "type" : "description",
        "subItems" : [ ]
      }, {
        "ccode" : "(ACSCH046)",
        "text" : "a compound",
        "type" : "description",
        "subItems" : [ ]
      }, {
        "ccode" : null,
        "text" : "conduct an investigation to determine that chemicals react in simple whole number ratios by moles",
        "type" : "description",
        "subItems" : [ ]
      }, {
        "ccode" : "(ACSCH007, ACSCH039)",
        "text" : "explore the concept of the mole and relate this to Avogadro’s constant to describe, calculate and manipulate masses, chemical amounts and numbers of particles in:",
        "type" : "description",
        "subItems" : [ ]
      }, {
        "ccode" : null,
        "text" : "moles of elements and compounds (n = chemical amount in moles, m = mass in grams, MM = molar mass in gmol-1)",
        "type" : "description",
        "subItems" : [ ]
      }, {
        "ccode" : null,
        "text" : "percentage composition calculations and empirical formulae",
        "type" : "description",
        "subItems" : [ ]
      }, {
        "ccode" : null,
        "text" : "limiting reagent reactions",
        "type" : "description",
        "subItems" : [ ]
      } ]
    }, {
      "headline" : "Concentration and Molarity",
      "items" : [ {
        "ccode" : null,
        "text" : "Inquiry question: How are chemicals in solutions measured?",
        "type" : "description",
        "subItems" : [ ]
      }, {
        "ccode" : "(ACSCH046, ACSCH063)",
        "text" : "conduct practical investigations to determine the concentrations of solutions and investigate the different ways in which concentrations are measured",
        "type" : "description",
        "subItems" : [ ]
      }, {
        "ccode" : null,
        "text" : "manipulate variables and solve problems to calculate concentration, mass or volume using:",
        "type" : "description",
        "subItems" : [ ]
      }, {
        "ccode" : "(ACSCH063)",
        "text" : "(molarity formula)",
        "type" : "description",
        "subItems" : [ ]
      }, {
        "ccode" : null,
        "text" : "dilutions (number of moles before dilution = number of moles of sample after dilution)",
        "type" : "description",
        "subItems" : [ ]
      }, {
        "ccode" : null,
        "text" : "conduct an investigation to make a standard solution and perform a dilution",
        "type" : "description",
        "subItems" : [ ]
      } ]
    }, {
      "headline" : "Gas Laws",
      "items" : [ {
        "ccode" : null,
        "text" : "Inquiry question: How does the Ideal Gas Law relate to all other Gas Laws?",
        "type" : "description",
        "subItems" : [ ]
      }, {
        "ccode" : null,
        "text" : "conduct investigations and solve problems to determine the relationship between the Ideal Gas Law and:",
        "type" : "description",
        "subItems" : [ ]
      }, {
        "ccode" : null,
        "text" : "Gay-Lussac’s Law (temperature)",
        "type" : "description",
        "subItems" : [ ]
      }, {
        "ccode" : "(ACSCH060)",
        "text" : "Avogadro’s Law",
        "type" : "description",
        "subItems" : [ ]
      } ]
    } ]
  }
}, {
  "id" : 1566948445391,
  "stage" : null,
  "category" : "Working Scientifically Skills",
  "groupTitle" : "Module 3: Reactive Chemistry",
  "outcomes" : {
    "label" : null,
    "outcomes" : [ {
      "code" : "CH11/12-2",
      "description" : "designs and evaluates investigations in order to obtain primary and secondary data and information"
    }, {
      "code" : "CH11/12-3",
      "description" : "conducts investigations to collect valid and reliable primary and secondary data and information"
    }, {
      "code" : "CH11/12-4",
      "description" : "selects and processes appropriate qualitative and quantitative data and information using a range of appropriate media"
    }, {
      "code" : "CH11-10",
      "description" : "explores the many different types of chemical reactions, in particular the reactivity of metals, and the factors that affect the rate of chemical reactions"
    } ]
  },
  "content" : {
    "label" : null,
    "groups" : [ {
      "headline" : "Chemical Reactions",
      "items" : [ {
        "ccode" : null,
        "text" : "Inquiry question: What are the products of a chemical reaction?",
        "type" : "description",
        "subItems" : [ ]
      }, {
        "ccode" : null,
        "text" : "investigate a variety of reactions to identify possible indicators of a chemical change",
        "type" : "description",
        "subItems" : [ ]
      }, {
        "ccode" : null,
        "text" : "use modelling to demonstrate",
        "type" : "description",
        "subItems" : [ ]
      }, {
        "ccode" : null,
        "text" : "the rearrangement of atoms to form new substances",
        "type" : "description",
        "subItems" : [ ]
      }, {
        "ccode" : "(ACSCH042, ACSCH080)",
        "text" : "the conservation of atoms in a chemical reaction",
        "type" : "description",
        "subItems" : [ ]
      }, {
        "ccode" : null,
        "text" : "conduct investigations to predict and identify the products of a range of reactions, for example:",
        "type" : "description",
        "subItems" : [ ]
      }, {
        "ccode" : "(ACSCH042, ACSCH080)",
        "text" : "acid/carbonate reactions",
        "type" : "description",
        "subItems" : [ ]
      }, {
        "ccode" : null,
        "text" : "investigate the chemical processes that occur when Aboriginal and Torres Strait Islander Peoples detoxify poisonous food items",
        "type" : "description",
        "subItems" : [ ]
      }, {
        "ccode" : null,
        "text" : "construct balanced equations to represent chemical reactions",
        "type" : "description",
        "subItems" : [ ]
      } ]
    }, {
      "headline" : "Predicting Reactions of Metals",
      "items" : [ {
        "ccode" : null,
        "text" : "Inquiry question: How is the reactivity of various metals predicted?",
        "type" : "description",
        "subItems" : [ ]
      }, {
        "ccode" : null,
        "text" : "conduct practical investigations to compare the reactivity of a variety of metals in:",
        "type" : "description",
        "subItems" : [ ]
      }, {
        "ccode" : "(ACSCH032, ACSCH037)",
        "text" : "dilute acid",
        "type" : "description",
        "subItems" : [ ]
      }, {
        "ccode" : null,
        "text" : "other metal ions in solution",
        "type" : "description",
        "subItems" : [ ]
      }, {
        "ccode" : "(ACSCH103)",
        "text" : "construct a metal activity series using the data obtained from practical investigations and compare this series with that obtained from standard secondary-sourced information",
        "type" : "description",
        "subItems" : [ ]
      }, {
        "ccode" : null,
        "text" : "analyse patterns in metal activity on the periodic table and explain why they correlate with, for example:",
        "type" : "description",
        "subItems" : [ ]
      }, {
        "ccode" : "(ACSCH045)",
        "text" : "ionisation energy",
        "type" : "description",
        "subItems" : [ ]
      }, {
        "ccode" : "(ACSCH007)",
        "text" : "atomic radius",
        "type" : "description",
        "subItems" : [ ]
      }, {
        "ccode" : "(ACSCH057)",
        "text" : "electronegativity",
        "type" : "description",
        "subItems" : [ ]
      }, {
        "ccode" : null,
        "text" : "apply the definitions of oxidation and reduction in terms of electron transfer and oxidation numbers to a range of reduction and oxidation (redox) reactions",
        "type" : "description",
        "subItems" : [ ]
      }, {
        "ccode" : null,
        "text" : "conduct investigations to measure and compare the reduction potential of galvanic half-cells",
        "type" : "description",
        "subItems" : [ ]
      }, {
        "ccode" : null,
        "text" : "construct relevant half-equations and balanced overall equations to represent a range of redox reactions",
        "type" : "description",
        "subItems" : [ ]
      }, {
        "ccode" : null,
        "text" : "predict the reaction of metals in solutions using the table of standard reduction potentials",
        "type" : "description",
        "subItems" : [ ]
      }, {
        "ccode" : "(ACSCH079, ACSCH080)",
        "text" : "predict the spontaneity of redox reactions using the value of cell potentials",
        "type" : "description",
        "subItems" : [ ]
      } ]
    }, {
      "headline" : "Rates of Reactions",
      "items" : [ {
        "ccode" : null,
        "text" : "Inquiry question: What affects the rate of a chemical reaction?",
        "type" : "description",
        "subItems" : [ ]
      }, {
        "ccode" : null,
        "text" : "conduct a practical investigation, using appropriate tools (including digital technologies), to collect data, analyse and report on how the rate of a chemical reaction can be affected by a range of factors, including but not limited to:",
        "type" : "description",
        "subItems" : [ ]
      }, {
        "ccode" : null,
        "text" : "surface area of reactant(s)",
        "type" : "description",
        "subItems" : [ ]
      }, {
        "ccode" : null,
        "text" : "concentration of reactant(s)",
        "type" : "description",
        "subItems" : [ ]
      }, {
        "ccode" : null,
        "text" : "investigate the role of activation energy, collisions and molecular orientation in collision theory",
        "type" : "description",
        "subItems" : [ ]
      }, {
        "ccode" : "(ACSCH003, ACSCH046)",
        "text" : "explain a change in reaction rate using collision theory",
        "type" : "description",
        "subItems" : [ ]
      } ]
    } ]
  }
}, {
  "id" : 1566948445392,
  "stage" : null,
  "category" : "Working Scientifically Skills",
  "groupTitle" : "Module 4: Drivers of Reactions",
  "outcomes" : {
    "label" : null,
    "outcomes" : [ {
      "code" : "CH11/12-1",
      "description" : "develops and evaluates questions and hypotheses for scientific investigation"
    }, {
      "code" : "CH11/12-5",
      "description" : "analyses and evaluates primary and secondary data and information"
    }, {
      "code" : "CH11/12-6",
      "description" : "solves scientific problems using primary and secondary data, critical thinking skills and scientific processes"
    }, {
      "code" : "CH11/12-7",
      "description" : "communicates scientific understanding using suitable language and terminology for a specific audience or purpose"
    }, {
      "code" : "CH11-11",
      "description" : "analyses the energy considerations in the driving force for chemical reactions"
    } ]
  },
  "content" : {
    "label" : null,
    "groups" : [ {
      "headline" : "Energy Changes in Chemical Reactions",
      "items" : [ {
        "ccode" : null,
        "text" : "Inquiry question: What energy changes occur in chemical reactions?",
        "type" : "description",
        "subItems" : [ ]
      }, {
        "ccode" : null,
        "text" : "conduct practical investigations to measure temperature changes in examples of endothermic and exothermic reactions, including:",
        "type" : "description",
        "subItems" : [ ]
      }, {
        "ccode" : "(ACSCH018, ACSCH037)",
        "text" : "dissociation of ionic substances in aqueous solution",
        "type" : "description",
        "subItems" : [ ]
      }, {
        "ccode" : null,
        "text" : "investigate enthalpy changes in reactions using calorimetry and  (heat capacity formula) to calculate, analyse and compare experimental results with reliable secondary-sourced data, and to explain any differences",
        "type" : "description",
        "subItems" : [ ]
      }, {
        "ccode" : "(ACSCH072)",
        "text" : "construct energy profile diagrams to represent and analyse the enthalpy changes and activation energy associated with a chemical reaction",
        "type" : "description",
        "subItems" : [ ]
      }, {
        "ccode" : "(ACSCH073)",
        "text" : "model and analyse the role of catalysts in reactions",
        "type" : "description",
        "subItems" : [ ]
      } ]
    }, {
      "headline" : "Enthalpy and Hess’s Law",
      "items" : [ {
        "ccode" : null,
        "text" : "Inquiry question: How much energy does it take to break bonds, and how much is released when bonds are formed?",
        "type" : "description",
        "subItems" : [ ]
      }, {
        "ccode" : null,
        "text" : "explain the enthalpy changes in a reaction in terms of breaking and reforming bonds, and relate this to:",
        "type" : "description",
        "subItems" : [ ]
      }, {
        "ccode" : null,
        "text" : "the law of conservation of energy",
        "type" : "description",
        "subItems" : [ ]
      }, {
        "ccode" : "(ACSCH037)",
        "text" : "investigate Hess’s Law in quantifying the enthalpy change for a stepped reaction using standard enthalpy change data and bond energy data, for example:",
        "type" : "description",
        "subItems" : [ ]
      }, {
        "ccode" : null,
        "text" : "carbon reacting with oxygen to form carbon dioxide via carbon monoxide",
        "type" : "description",
        "subItems" : [ ]
      }, {
        "ccode" : null,
        "text" : "apply Hess’s Law to simple energy cycles and solve problems to quantify enthalpy changes within reactions, including but not limited to:",
        "type" : "description",
        "subItems" : [ ]
      }, {
        "ccode" : null,
        "text" : "enthalpy changes involved in photosynthesis",
        "type" : "description",
        "subItems" : [ ]
      }, {
        "ccode" : "(ACSCH037)",
        "text" : "enthalpy changes involved in respiration",
        "type" : "description",
        "subItems" : [ ]
      } ]
    }, {
      "headline" : "Entropy and Gibbs Free Energy",
      "items" : [ {
        "ccode" : null,
        "text" : "Inquiry question: How can enthalpy and entropy be used to explain reaction spontaneity?",
        "type" : "description",
        "subItems" : [ ]
      }, {
        "ccode" : null,
        "text" : "analyse the differences between entropy and enthalpy",
        "type" : "description",
        "subItems" : [ ]
      }, {
        "ccode" : null,
        "text" : "use modelling to illustrate entropy changes in reactions",
        "type" : "description",
        "subItems" : [ ]
      }, {
        "ccode" : null,
        "text" : "predict entropy changes from balanced chemical reactions to classify as increasing or decreasing entropy",
        "type" : "description",
        "subItems" : [ ]
      }, {
        "ccode" : "(ACSCH072)",
        "text" : "explain reaction spontaneity using terminology, including:",
        "type" : "description",
        "subItems" : [ ]
      }, {
        "ccode" : null,
        "text" : "solve problems using standard references and  (Gibbs free energy formula) to classify reactions as spontaneous or nonspontaneous",
        "type" : "description",
        "subItems" : [ ]
      }, {
        "ccode" : "(ACSCH070)",
        "text" : "predict the effect of temperature changes on spontaneity",
        "type" : "description",
        "subItems" : [ ]
      }, {
        "ccode" : null,
        "text" : "*15 hours must be allocated to depth studies within the 120 indicative course hours.",
        "type" : "description",
        "subItems" : [ ]
      }, {
        "ccode" : null,
        "text" : "Scientific investigations include both practical investigations and secondary-sourced investigations. Practical investigations are an essential part of the Year 12 course and must occupy a minimum of 35 hours of course time, including time allocated to practical investigations in depth studies.",
        "type" : "description",
        "subItems" : [ ]
      }, {
        "ccode" : null,
        "text" : "Practical investigations include:",
        "type" : "description",
        "subItems" : [ ]
      }, {
        "ccode" : null,
        "text" : "undertaking laboratory experiments, including the use of appropriate digital technologies",
        "type" : "description",
        "subItems" : [ ]
      }, {
        "ccode" : null,
        "text" : "Secondary-sourced investigations include:",
        "type" : "description",
        "subItems" : [ ]
      }, {
        "ccode" : null,
        "text" : "locating and accessing a wide range of secondary data and/or information using and reorganising secondary data and/or information.",
        "type" : "description",
        "subItems" : [ ]
      }, {
        "ccode" : null,
        "text" : "It is expected that the content of each skill will be addressed by the end of the Stage 6 course.",
        "type" : "description",
        "subItems" : [ ]
      } ]
    } ]
  }
}, {
  "id" : 1566948445393,
  "stage" : null,
  "category" : "Working Scientifically Skills",
  "groupTitle" : "Questioning and Predicting",
  "outcomes" : {
    "label" : null,
    "outcomes" : [ {
      "code" : "CH11/12-1",
      "description" : "develops and evaluates questions and hypotheses for scientific investigation"
    } ]
  },
  "content" : {
    "label" : null,
    "groups" : [ {
      "headline" : null,
      "items" : [ {
        "ccode" : "(ACSCH001, ACSCH061, ACSCH096)",
        "text" : "develop and evaluate inquiry questions and hypotheses to identify a concept that can be investigated scientifically, involving primary and secondary data",
        "type" : "description",
        "subItems" : [ ]
      }, {
        "ccode" : null,
        "text" : "modify questions and hypotheses to reflect new evidence",
        "type" : "description",
        "subItems" : [ ]
      } ]
    } ]
  }
}, {
  "id" : 1566948445394,
  "stage" : null,
  "category" : "Working Scientifically Skills",
  "groupTitle" : "Planning Investigations",
  "outcomes" : {
    "label" : null,
    "outcomes" : [ {
      "code" : "CH11/12-2",
      "description" : "designs and evaluates investigations in order to obtain primary and secondary data and information"
    } ]
  },
  "content" : {
    "label" : null,
    "groups" : [ {
      "headline" : null,
      "items" : [ {
        "ccode" : "(ACSCH031, ACSCH097)",
        "text" : "assess risks, consider ethical issues and select appropriate materials and technologies when designing and planning an investigation",
        "type" : "description",
        "subItems" : [ ]
      }, {
        "ccode" : "(ACSCH002)",
        "text" : "justify and evaluate the use of variables and experimental controls to ensure that a valid procedure is developed that allows for the reliable collection of data",
        "type" : "description",
        "subItems" : [ ]
      }, {
        "ccode" : null,
        "text" : "evaluate and modify an investigation in response to new evidence",
        "type" : "description",
        "subItems" : [ ]
      } ]
    } ]
  }
}, {
  "id" : 1566948445395,
  "stage" : null,
  "category" : "Working Scientifically Skills",
  "groupTitle" : "Conducting Investigations",
  "outcomes" : {
    "label" : null,
    "outcomes" : [ {
      "code" : "CH11/12-3",
      "description" : "conducts investigations to collect valid and reliable primary and secondary data and information"
    } ]
  },
  "content" : {
    "label" : null,
    "groups" : [ {
      "headline" : null,
      "items" : [ {
        "ccode" : "(ACSCH031)",
        "text" : "employ and evaluate safe work practices and manage risks",
        "type" : "description",
        "subItems" : [ ]
      }, {
        "ccode" : null,
        "text" : "use appropriate technologies to ensure and evaluate accuracy",
        "type" : "description",
        "subItems" : [ ]
      }, {
        "ccode" : null,
        "text" : "select and extract information from a wide range of reliable secondary sources and acknowledge them using an accepted referencing style",
        "type" : "description",
        "subItems" : [ ]
      } ]
    } ]
  }
}, {
  "id" : 1566948445396,
  "stage" : null,
  "category" : "Working Scientifically Skills",
  "groupTitle" : "Processing Data and Information",
  "outcomes" : {
    "label" : null,
    "outcomes" : [ {
      "code" : "CH11/12-4",
      "description" : "selects and processes appropriate qualitative and quantitative data and information using a range of appropriate media"
    } ]
  },
  "content" : {
    "label" : null,
    "groups" : [ {
      "headline" : null,
      "items" : [ {
        "ccode" : "(ACSCH004, ACSCH007, ACSCH064, ACSCH101)",
        "text" : "select qualitative and quantitative data and information and represent them using a range of formats, digital technologies and appropriate media",
        "type" : "description",
        "subItems" : [ ]
      }, {
        "ccode" : null,
        "text" : "apply quantitative processes where appropriate",
        "type" : "description",
        "subItems" : [ ]
      }, {
        "ccode" : null,
        "text" : "evaluate and improve the quality of data",
        "type" : "description",
        "subItems" : [ ]
      } ]
    } ]
  }
}, {
  "id" : 1566948445397,
  "stage" : null,
  "category" : "Working Scientifically Skills",
  "groupTitle" : "Analysing Data and Information",
  "outcomes" : {
    "label" : null,
    "outcomes" : [ {
      "code" : "CH11/12-5",
      "description" : "analyses and evaluates primary and secondary data and information"
    } ]
  },
  "content" : {
    "label" : null,
    "groups" : [ {
      "headline" : null,
      "items" : [ {
        "ccode" : null,
        "text" : "derive trends, patterns and relationships in data and information",
        "type" : "description",
        "subItems" : [ ]
      }, {
        "ccode" : "(ACSCH004, ACSCH005, ACSCH033, ACSCH099)",
        "text" : "assess error, uncertainty and limitations in data",
        "type" : "description",
        "subItems" : [ ]
      }, {
        "ccode" : "(ACSCH005)",
        "text" : "assess the relevance, accuracy, validity and reliability of primary and secondary data and suggest improvements to investigations",
        "type" : "description",
        "subItems" : [ ]
      } ]
    } ]
  }
}, {
  "id" : 1566948445398,
  "stage" : null,
  "category" : "Working Scientifically Skills",
  "groupTitle" : "Problem Solving",
  "outcomes" : {
    "label" : null,
    "outcomes" : [ {
      "code" : "CH11/12-6",
      "description" : "solves scientific problems using primary and secondary data, critical thinking skills and scientific processes"
    } ]
  },
  "content" : {
    "label" : null,
    "groups" : [ {
      "headline" : null,
      "items" : [ {
        "ccode" : "(ACSCH006, ACSCH010)",
        "text" : "use modelling (including mathematical examples) to explain phenomena, make predictions and solve problems using evidence from primary and secondary sources",
        "type" : "description",
        "subItems" : [ ]
      }, {
        "ccode" : null,
        "text" : "use scientific evidence and critical thinking skills to solve problems",
        "type" : "description",
        "subItems" : [ ]
      } ]
    } ]
  }
}, {
  "id" : 1566948445399,
  "stage" : null,
  "category" : "Working Scientifically Skills",
  "groupTitle" : "Communicating",
  "outcomes" : {
    "label" : null,
    "outcomes" : [ {
      "code" : "CH11/12-7",
      "description" : "communicates scientific understanding using suitable language and terminology for a specific audience or purpose"
    } ]
  },
  "content" : {
    "label" : null,
    "groups" : [ {
      "headline" : null,
      "items" : [ {
        "ccode" : null,
        "text" : "select and use suitable forms of digital, visual, written and/or oral communication",
        "type" : "description",
        "subItems" : [ ]
      }, {
        "ccode" : "(ACSCH008, ACSCH036, ACSCH067, ACSCH102)",
        "text" : "select and apply appropriate scientific notations, nomenclature and scientific language to communicate in a variety of contexts",
        "type" : "description",
        "subItems" : [ ]
      }, {
        "ccode" : "(ACSCH034, ACSCH036)",
        "text" : "construct evidence-based arguments and engage in peer feedback to evaluate an argument or conclusion",
        "type" : "description",
        "subItems" : [ ]
      } ]
    } ]
  }
}, {
  "id" : 1566948445400,
  "stage" : null,
  "category" : "Working Scientifically Skills",
  "groupTitle" : "Module 5: Equilibrium and Acid Reactions",
  "outcomes" : {
    "label" : null,
    "outcomes" : [ {
      "code" : "CH11/12-4",
      "description" : "selects and processes appropriate qualitative and quantitative data and information using a range of appropriate media"
    }, {
      "code" : "CH11/12-5",
      "description" : "analyses and evaluates primary and secondary data and information"
    }, {
      "code" : "CH11/12-6",
      "description" : "solves scientific problems using primary and secondary data, critical thinking skills and scientific processes"
    }, {
      "code" : "CH11/12-7",
      "description" : "communicates scientific understanding using suitable language and terminology for a specific audience or purpose"
    }, {
      "code" : "CH12-12",
      "description" : "explains the characteristics of equilibrium systems, and the factors that affect these systems"
    } ]
  },
  "content" : {
    "label" : null,
    "groups" : [ {
      "headline" : "Static and Dynamic Equilibrium",
      "items" : [ {
        "ccode" : null,
        "text" : "Inquiry question: What happens when chemical reactions do not go through to completion?",
        "type" : "description",
        "subItems" : [ ]
      }, {
        "ccode" : null,
        "text" : "conduct practical investigations to analyse the reversibility of chemical reactions, for example:",
        "type" : "description",
        "subItems" : [ ]
      }, {
        "ccode" : null,
        "text" : "cobalt(II) chloride hydrated and dehydrated",
        "type" : "description",
        "subItems" : [ ]
      }, {
        "ccode" : null,
        "text" : "iron(III) nitrate and potassium thiocyanate",
        "type" : "description",
        "subItems" : [ ]
      }, {
        "ccode" : "(ACSCH090)",
        "text" : "burning steel wool",
        "type" : "description",
        "subItems" : [ ]
      }, {
        "ccode" : "(ACSCH079, ACSCH091)",
        "text" : "model static and dynamic equilibrium and analyse the differences between open and closed systems",
        "type" : "description",
        "subItems" : [ ]
      }, {
        "ccode" : null,
        "text" : "analyse examples of non-equilibrium systems in terms of the effect of entropy and enthalpy, for example:",
        "type" : "description",
        "subItems" : [ ]
      }, {
        "ccode" : "(ACSCH070, ACSCH094)",
        "text" : "investigate the relationship between collision theory and reaction rate in order to analyse chemical equilibrium reactions",
        "type" : "description",
        "subItems" : [ ]
      } ]
    }, {
      "headline" : "Factors that Affect Equilibrium",
      "items" : [ {
        "ccode" : null,
        "text" : "Inquiry question: What factors affect equilibrium and how?",
        "type" : "description",
        "subItems" : [ ]
      }, {
        "ccode" : null,
        "text" : "investigate the effects of temperature, concentration, volume and/or pressure on a system at equilibrium and explain how Le Chatelier’s principle can be used to predict such effects, for example:",
        "type" : "description",
        "subItems" : [ ]
      }, {
        "ccode" : null,
        "text" : "heating cobalt(II) chloride hydrate",
        "type" : "description",
        "subItems" : [ ]
      }, {
        "ccode" : null,
        "text" : "interaction between nitrogen dioxide and dinitrogen tetroxide",
        "type" : "description",
        "subItems" : [ ]
      }, {
        "ccode" : "(ACSCH095)",
        "text" : "iron(III) thiocyanate and varying concentration of ions",
        "type" : "description",
        "subItems" : [ ]
      }, {
        "ccode" : "(ACSCH094)",
        "text" : "explain the overall observations about equilibrium in terms of the collision theory",
        "type" : "description",
        "subItems" : [ ]
      }, {
        "ccode" : null,
        "text" : "examine how activation energy and heat of reaction affect the position of equilibrium",
        "type" : "description",
        "subItems" : [ ]
      } ]
    }, {
      "headline" : "Calculating the Equilibrium Constant (Keq)",
      "items" : [ {
        "ccode" : null,
        "text" : "Inquiry question: How can the position of equilibrium be described and what does the equilibrium constant represent?",
        "type" : "description",
        "subItems" : [ ]
      }, {
        "ccode" : "(ACSCH079, ACSCH096)",
        "text" : "deduce the equilibrium expression (in terms of Keq) for homogeneous reactions occurring in solution",
        "type" : "description",
        "subItems" : [ ]
      }, {
        "ccode" : "(ACSCH096)",
        "text" : "perform calculations to find the value of Keq and concentrations of substances within an equilibrium system, and use these values to make predictions on the direction in which a reaction may proceed",
        "type" : "description",
        "subItems" : [ ]
      }, {
        "ccode" : "(ACSCH093)",
        "text" : "qualitatively analyse the effect of temperature on the value of Keq",
        "type" : "description",
        "subItems" : [ ]
      }, {
        "ccode" : null,
        "text" : "conduct an investigation to determine Keq of a chemical equilibrium system, for example:",
        "type" : "description",
        "subItems" : [ ]
      }, {
        "ccode" : "(ACSCH096)",
        "text" : "Keq of the iron(III) thiocyanate equilibrium",
        "type" : "description",
        "subItems" : [ ]
      }, {
        "ccode" : null,
        "text" : "explore the use of Keq for different types of chemical reactions, including but not limited to:",
        "type" : "description",
        "subItems" : [ ]
      }, {
        "ccode" : null,
        "text" : "dissociation of ionic solutions",
        "type" : "description",
        "subItems" : [ ]
      }, {
        "ccode" : "(ACSCH098, ACSCH099)",
        "text" : "dissociation of acids and bases",
        "type" : "description",
        "subItems" : [ ]
      } ]
    }, {
      "headline" : "Solution Equilibria",
      "items" : [ {
        "ccode" : null,
        "text" : "Inquiry question: How does solubility relate to chemical equilibrium?",
        "type" : "description",
        "subItems" : [ ]
      }, {
        "ccode" : null,
        "text" : "describe and analyse the processes involved in the dissolution of ionic compounds in water",
        "type" : "description",
        "subItems" : [ ]
      }, {
        "ccode" : null,
        "text" : "investigate the use of solubility equilibria by Aboriginal and Torres Strait Islander Peoples when removing toxicity from foods, for example:",
        "type" : "description",
        "subItems" : [ ]
      }, {
        "ccode" : null,
        "text" : "toxins in cycad fruit",
        "type" : "description",
        "subItems" : [ ]
      }, {
        "ccode" : null,
        "text" : "conduct an investigation to determine solubility rules, and predict and analyse the composition of substances when two ionic solutions are mixed, for example:",
        "type" : "description",
        "subItems" : [ ]
      }, {
        "ccode" : null,
        "text" : "potassium chloride and silver nitrate",
        "type" : "description",
        "subItems" : [ ]
      }, {
        "ccode" : null,
        "text" : "potassium iodide and lead nitrate",
        "type" : "description",
        "subItems" : [ ]
      }, {
        "ccode" : "(ACSCH065)",
        "text" : "sodium sulfate and barium nitrate",
        "type" : "description",
        "subItems" : [ ]
      }, {
        "ccode" : null,
        "text" : "derive equilibrium expressions for saturated solutions in terms of Ksp and calculate the solubility of an ionic substance from its Ksp value",
        "type" : "description",
        "subItems" : [ ]
      }, {
        "ccode" : null,
        "text" : "predict the formation of a precipitate given the standard reference values for Ksp",
        "type" : "description",
        "subItems" : [ ]
      } ]
    } ]
  }
}, {
  "id" : 1566948445401,
  "stage" : null,
  "category" : "Working Scientifically Skills",
  "groupTitle" : "Module 6: Acid/Base Reactions",
  "outcomes" : {
    "label" : null,
    "outcomes" : [ {
      "code" : "CH11/12-1",
      "description" : "develops and evaluates questions and hypotheses for scientific investigation"
    }, {
      "code" : "CH11/12-2",
      "description" : "designs and evaluates investigations in order to obtain primary and secondary data and information"
    }, {
      "code" : "CH11/12-3",
      "description" : "conducts investigations to collect valid and reliable primary and secondary data and information"
    }, {
      "code" : "CH11/12-5",
      "description" : "analyses and evaluates primary and secondary data and information"
    }, {
      "code" : "CH12-13",
      "description" : "describes, explains and quantitatively analyses acids and bases using contemporary models"
    } ]
  },
  "content" : {
    "label" : null,
    "groups" : [ {
      "headline" : "Properties of Acids and Bases",
      "items" : [ {
        "ccode" : null,
        "text" : "Inquiry question: What is an acid and what is a base?",
        "type" : "description",
        "subItems" : [ ]
      }, {
        "ccode" : "(ACSCH067)",
        "text" : "investigate the correct IUPAC nomenclature and properties of common inorganic acids and bases",
        "type" : "description",
        "subItems" : [ ]
      }, {
        "ccode" : "(ACSCH101)",
        "text" : "conduct an investigation to demonstrate the preparation and use of indicators as illustrators of the characteristics and properties of acids and bases and their reversible reactions",
        "type" : "description",
        "subItems" : [ ]
      }, {
        "ccode" : null,
        "text" : "predict the products of acid reactions and write balanced equations to represent:",
        "type" : "description",
        "subItems" : [ ]
      }, {
        "ccode" : "(ACSCH067)",
        "text" : "acids and metals",
        "type" : "description",
        "subItems" : [ ]
      }, {
        "ccode" : null,
        "text" : "investigate applications of neutralisation reactions in everyday life and industrial processes",
        "type" : "description",
        "subItems" : [ ]
      }, {
        "ccode" : "(ACSCH093)",
        "text" : "conduct a practical investigation to measure the enthalpy of neutralisation",
        "type" : "description",
        "subItems" : [ ]
      }, {
        "ccode" : null,
        "text" : "explore the changes in definitions and models of an acid and a base over time to explain the limitations of each model, including but not limited to:",
        "type" : "description",
        "subItems" : [ ]
      }, {
        "ccode" : "(ACSCH064, ACSCH067)",
        "text" : "Brønsted–Lowry theory",
        "type" : "description",
        "subItems" : [ ]
      } ]
    }, {
      "headline" : "Using Brønsted–Lowry Theory",
      "items" : [ {
        "ccode" : null,
        "text" : "Inquiry question: What is the role of water in solutions of acids and bases?",
        "type" : "description",
        "subItems" : [ ]
      }, {
        "ccode" : null,
        "text" : "conduct a practical investigation to measure the pH of a range of acids and bases",
        "type" : "description",
        "subItems" : [ ]
      }, {
        "ccode" : "(ACSCH102)",
        "text" : "calculate pH, pOH, hydrogen ion concentration ([H+]) and hydroxide ion concentration ([OH–]) for a range of solutions",
        "type" : "description",
        "subItems" : [ ]
      }, {
        "ccode" : "(ACSCH102)",
        "text" : "conduct an investigation to demonstrate the use of pH to indicate the differences between the strength of acids and bases",
        "type" : "description",
        "subItems" : [ ]
      }, {
        "ccode" : null,
        "text" : "write ionic equations to represent the dissociation of acids and bases in water, conjugate acid/base pairs in solution and amphiprotic nature of some salts, for example:",
        "type" : "description",
        "subItems" : [ ]
      }, {
        "ccode" : null,
        "text" : "sodium hydrogen carbonate",
        "type" : "description",
        "subItems" : [ ]
      }, {
        "ccode" : null,
        "text" : "potassium dihydrogen phosphate",
        "type" : "description",
        "subItems" : [ ]
      }, {
        "ccode" : "(ACSCH099)",
        "text" : "construct models and/or animations to communicate the differences between strong, weak, concentrated and dilute acids and bases",
        "type" : "description",
        "subItems" : [ ]
      }, {
        "ccode" : null,
        "text" : "calculate the pH of the resultant solution when solutions of acids and/or bases are diluted or mixed",
        "type" : "description",
        "subItems" : [ ]
      } ]
    }, {
      "headline" : "Quantitative Analysis",
      "items" : [ {
        "ccode" : null,
        "text" : "Inquiry question: How are solutions of acids and bases analysed?",
        "type" : "description",
        "subItems" : [ ]
      }, {
        "ccode" : null,
        "text" : "conduct practical investigations to analyse the concentration of an unknown acid or base by titration",
        "type" : "description",
        "subItems" : [ ]
      }, {
        "ccode" : null,
        "text" : "investigate titration curves and conductivity graphs to analyse data to indicate characteristic reaction profiles, for example:",
        "type" : "description",
        "subItems" : [ ]
      }, {
        "ccode" : null,
        "text" : "strong acid/strong base",
        "type" : "description",
        "subItems" : [ ]
      }, {
        "ccode" : null,
        "text" : "strong acid/weak base",
        "type" : "description",
        "subItems" : [ ]
      }, {
        "ccode" : "(ACSCH080, ACSCH102)",
        "text" : "weak acid/strong base",
        "type" : "description",
        "subItems" : [ ]
      }, {
        "ccode" : null,
        "text" : "model neutralisation of strong and weak acids and bases using a variety of media",
        "type" : "description",
        "subItems" : [ ]
      }, {
        "ccode" : null,
        "text" : "explore acid/base analysis techniques that are applied:",
        "type" : "description",
        "subItems" : [ ]
      }, {
        "ccode" : null,
        "text" : "by Aboriginal and Torres Strait Islander Peoples",
        "type" : "description",
        "subItems" : [ ]
      }, {
        "ccode" : null,
        "text" : "using digital probes and instruments",
        "type" : "description",
        "subItems" : [ ]
      }, {
        "ccode" : "(ACSCH080)   , for example:",
        "text" : "conduct a chemical analysis of a common household substance for its acidity or basicity",
        "type" : "description",
        "subItems" : [ ]
      }, {
        "ccode" : "(ACSCH080)",
        "text" : "conduct a practical investigation to prepare a buffer and demonstrate its properties",
        "type" : "description",
        "subItems" : [ ]
      }, {
        "ccode" : "(ACSCH098, ACSCH102)",
        "text" : "describe the importance of buffers in natural systems",
        "type" : "description",
        "subItems" : [ ]
      } ]
    } ]
  }
}, {
  "id" : 1566948445402,
  "stage" : null,
  "category" : "Working Scientifically Skills",
  "groupTitle" : "Module 7: Organic Chemistry",
  "outcomes" : {
    "label" : null,
    "outcomes" : [ {
      "code" : "CH11/12-5",
      "description" : "analyses and evaluates primary and secondary data and information"
    }, {
      "code" : "CH11/12-6",
      "description" : "solves scientific problems using primary and secondary data, critical thinking skills and scientific processes"
    }, {
      "code" : "CH11/12-7",
      "description" : "communicates scientific understanding using suitable language and terminology for a specific audience or purpose"
    }, {
      "code" : "CH12-14",
      "description" : "analyses the structure of, and predicts reactions involving, carbon compounds"
    } ]
  },
  "content" : {
    "label" : null,
    "groups" : [ {
      "headline" : "Nomenclature",
      "items" : [ {
        "ccode" : null,
        "text" : "Inquiry question: How do we systematically name organic chemical compounds?",
        "type" : "description",
        "subItems" : [ ]
      }, {
        "ccode" : "(ACSCH127)",
        "text" : "investigate the nomenclature of organic chemicals, up to C8, using IUPAC conventions, including simple methyl and ethyl branched chains, including:",
        "type" : "description",
        "subItems" : [ ]
      }, {
        "ccode" : null,
        "text" : "alcohols (primary, secondary and tertiary)",
        "type" : "description",
        "subItems" : [ ]
      }, {
        "ccode" : null,
        "text" : "aldehydes and ketones",
        "type" : "description",
        "subItems" : [ ]
      }, {
        "ccode" : null,
        "text" : "halogenated organic compounds",
        "type" : "description",
        "subItems" : [ ]
      }, {
        "ccode" : "(ACSCH035)",
        "text" : "explore and distinguish the different types of structural isomers, including saturated and unsaturated hydrocarbons, including:",
        "type" : "description",
        "subItems" : [ ]
      }, {
        "ccode" : null,
        "text" : "functional group isomers",
        "type" : "description",
        "subItems" : [ ]
      } ]
    }, {
      "headline" : "Hydrocarbons",
      "items" : [ {
        "ccode" : null,
        "text" : "Inquiry question: How can hydrocarbons be classified based on their structure and reactivity?",
        "type" : "description",
        "subItems" : [ ]
      }, {
        "ccode" : "(ACSCH035) :",
        "text" : "construct models, identify the functional group, and write structural and molecular formulae for homologous series of organic chemical compounds, up to C8",
        "type" : "description",
        "subItems" : [ ]
      }, {
        "ccode" : "(ACSCH035)",
        "text" : "conduct an investigation to compare the properties of organic chemical compounds within a homologous series, and explain these differences in terms of bonding",
        "type" : "description",
        "subItems" : [ ]
      }, {
        "ccode" : null,
        "text" : "analyse the shape of molecules formed between carbon atoms when a single, double or triple bond is formed between them",
        "type" : "description",
        "subItems" : [ ]
      }, {
        "ccode" : null,
        "text" : "explain the properties within and between the homologous series of alkanes with reference to the intermolecular and intramolecular bonding present",
        "type" : "description",
        "subItems" : [ ]
      }, {
        "ccode" : "(ACSCH075)",
        "text" : "describe the procedures required to safely handle and dispose of organic substances",
        "type" : "description",
        "subItems" : [ ]
      }, {
        "ccode" : null,
        "text" : "examine the environmental, economic and sociocultural implications of obtaining and using hydrocarbons from the Earth",
        "type" : "description",
        "subItems" : [ ]
      } ]
    }, {
      "headline" : "Products of Reactions Involving Hydrocarbons",
      "items" : [ {
        "ccode" : null,
        "text" : "Inquiry question: What are the products of reactions of hydrocarbons and how do they react?",
        "type" : "description",
        "subItems" : [ ]
      }, {
        "ccode" : null,
        "text" : "investigate, write equations and construct models to represent the reactions of unsaturated hydrocarbons when added to a range of chemicals, including but not limited to:",
        "type" : "description",
        "subItems" : [ ]
      }, {
        "ccode" : null,
        "text" : "hydrogen halides (HX)",
        "type" : "description",
        "subItems" : [ ]
      }, {
        "ccode" : "(ACSCH136)",
        "text" : "water (H2O)",
        "type" : "description",
        "subItems" : [ ]
      }, {
        "ccode" : null,
        "text" : "investigate, write equations and construct models to represent the reactions of saturated hydrocarbons when substituted with halogens",
        "type" : "description",
        "subItems" : [ ]
      } ]
    }, {
      "headline" : "Alcohols",
      "items" : [ {
        "ccode" : null,
        "text" : "Inquiry question: How can alcohols be produced and what are their properties?",
        "type" : "description",
        "subItems" : [ ]
      }, {
        "ccode" : null,
        "text" : "investigate the structural formulae, properties and functional group including:",
        "type" : "description",
        "subItems" : [ ]
      }, {
        "ccode" : null,
        "text" : "explain the properties within and between the homologous series of alcohols with reference to the intermolecular and intramolecular bonding present",
        "type" : "description",
        "subItems" : [ ]
      }, {
        "ccode" : null,
        "text" : "conduct a practical investigation to measure and reliably compare the enthalpy of combustion for a range of alcohols",
        "type" : "description",
        "subItems" : [ ]
      }, {
        "ccode" : "(ACSCH128, ACSCH136):",
        "text" : "write equations, state conditions and predict products to represent the reactions of alcohols, including but not limited to",
        "type" : "description",
        "subItems" : [ ]
      }, {
        "ccode" : null,
        "text" : "investigate the production of alcohols, including:",
        "type" : "description",
        "subItems" : [ ]
      }, {
        "ccode" : null,
        "text" : "substitution reactions of halogenated organic compounds",
        "type" : "description",
        "subItems" : [ ]
      }, {
        "ccode" : null,
        "text" : "investigate the products of the oxidation of primary and secondary alcohols",
        "type" : "description",
        "subItems" : [ ]
      }, {
        "ccode" : null,
        "text" : "compare and contrast fuels from organic sources to biofuels, including ethanol",
        "type" : "description",
        "subItems" : [ ]
      } ]
    }, {
      "headline" : "Reactions of Organic Acids and Bases",
      "items" : [ {
        "ccode" : null,
        "text" : "Inquiry question: What are the properties of organic acids and bases?",
        "type" : "description",
        "subItems" : [ ]
      }, {
        "ccode" : null,
        "text" : "investigate the structural formulae, properties and functional group including:",
        "type" : "description",
        "subItems" : [ ]
      }, {
        "ccode" : null,
        "text" : "primary, secondary and tertiary alcohols",
        "type" : "description",
        "subItems" : [ ]
      }, {
        "ccode" : "(ACSCH127)",
        "text" : "aldehydes and ketones",
        "type" : "description",
        "subItems" : [ ]
      }, {
        "ccode" : null,
        "text" : "explain the properties within and between the homologous series of carboxylic acids amines and amides with reference to the intermolecular and intramolecular bonding present",
        "type" : "description",
        "subItems" : [ ]
      }, {
        "ccode" : null,
        "text" : "investigate the production, in a school laboratory, of simple esters",
        "type" : "description",
        "subItems" : [ ]
      }, {
        "ccode" : null,
        "text" : "investigate the differences between an organic acid and organic base",
        "type" : "description",
        "subItems" : [ ]
      }, {
        "ccode" : null,
        "text" : "investigate the structure and action of soaps and detergents",
        "type" : "description",
        "subItems" : [ ]
      }, {
        "ccode" : null,
        "text" : "draft and construct flow charts to show reaction pathways for chemical synthesis, including those that involve more than one step",
        "type" : "description",
        "subItems" : [ ]
      } ]
    }, {
      "headline" : "Polymers",
      "items" : [ {
        "ccode" : null,
        "text" : "Inquiry question: What are the properties and uses of polymers?",
        "type" : "description",
        "subItems" : [ ]
      }, {
        "ccode" : null,
        "text" : "model and compare the structure, properties and uses of addition polymers of ethylene and related monomers, for example:",
        "type" : "description",
        "subItems" : [ ]
      }, {
        "ccode" : null,
        "text" : "polyvinyl chloride (PVC)",
        "type" : "description",
        "subItems" : [ ]
      }, {
        "ccode" : "(ACSCH136)",
        "text" : "polytetrafluoroethylene (PTFE)",
        "type" : "description",
        "subItems" : [ ]
      }, {
        "ccode" : null,
        "text" : "model and compare the structure, properties and uses of condensation polymers, for example:",
        "type" : "description",
        "subItems" : [ ]
      } ]
    } ]
  }
}, {
  "id" : 1566948445403,
  "stage" : null,
  "category" : "Working Scientifically Skills",
  "groupTitle" : "Module 8: Applying Chemical Ideas",
  "outcomes" : {
    "label" : null,
    "outcomes" : [ {
      "code" : "CH11/12-1",
      "description" : "develops and evaluates questions and hypotheses for scientific investigation"
    }, {
      "code" : "CH11/12-2",
      "description" : "designs and evaluates investigations in order to obtain primary and secondary data and information"
    }, {
      "code" : "CH11/12-3",
      "description" : "conducts investigations to collect valid and reliable primary and secondary data and information"
    }, {
      "code" : "CH11/12-4",
      "description" : "selects and processes appropriate qualitative and quantitative data and information using a range of appropriate media"
    }, {
      "code" : "CH11/12-7",
      "description" : "communicates scientific understanding using suitable language and terminology for a specific audience or purpose"
    }, {
      "code" : "CH12-15",
      "description" : "describes and evaluates chemical systems used to design and analyse chemical processes"
    } ]
  },
  "content" : {
    "label" : null,
    "groups" : [ {
      "headline" : "Analysis of Inorganic Substances",
      "items" : [ {
        "ccode" : null,
        "text" : "Inquiry question: How are the ions present in the environment identified and measured?",
        "type" : "description",
        "subItems" : [ ]
      }, {
        "ccode" : null,
        "text" : "analyse the need for monitoring the environment",
        "type" : "description",
        "subItems" : [ ]
      }, {
        "ccode" : null,
        "text" : "conduct qualitative investigations – using flame tests, precipitation and complexation reactions as appropriate – to test for the presence in aqueous solution of the following ions:",
        "type" : "description",
        "subItems" : [ ]
      }, {
        "ccode" : null,
        "text" : "cations: barium (Ba2+), calcium (Ca2+), magnesium (Mg2+), lead(II) (Pb2+), silver ion (Ag+), copper(II) (Cu2+), iron(II) (Fe2+), iron(III) (Fe3+)",
        "type" : "description",
        "subItems" : [ ]
      }, {
        "ccode" : null,
        "text" : "anions: chloride (Cl–), bromide (Br–), iodide (I–), hydroxide (OH–), acetate (CH3COO–), carbonate (CO32–), sulfate (SO42–), phosphate (PO43–)",
        "type" : "description",
        "subItems" : [ ]
      }, {
        "ccode" : null,
        "text" : "conduct investigations and/or process data involving:",
        "type" : "description",
        "subItems" : [ ]
      }, {
        "ccode" : null,
        "text" : "precipitation titrations",
        "type" : "description",
        "subItems" : [ ]
      }, {
        "ccode" : null,
        "text" : "conduct investigations and/or process data to determine the concentration of coloured species and/or metal ions in aqueous solution, including but not limited to, the use of:",
        "type" : "description",
        "subItems" : [ ]
      }, {
        "ccode" : null,
        "text" : "ultravioletvisible spectrophotometry",
        "type" : "description",
        "subItems" : [ ]
      }, {
        "ccode" : null,
        "text" : "atomic absorption spectroscopy",
        "type" : "description",
        "subItems" : [ ]
      } ]
    }, {
      "headline" : "Analysis of Organic Substances",
      "items" : [ {
        "ccode" : null,
        "text" : "Inquiry question: How is information about the reactivity and structure of organic compounds obtained?",
        "type" : "description",
        "subItems" : [ ]
      }, {
        "ccode" : null,
        "text" : "conduct qualitative investigations to test for the presence in organic molecules of the following functional groups:",
        "type" : "description",
        "subItems" : [ ]
      }, {
        "ccode" : null,
        "text" : "carbon–carbon double bonds",
        "type" : "description",
        "subItems" : [ ]
      }, {
        "ccode" : "(ACSCH130)",
        "text" : "carboxylic acids",
        "type" : "description",
        "subItems" : [ ]
      }, {
        "ccode" : null,
        "text" : "investigate the processes used to analyse the structure of simple organic compounds addressed in the course, including but not limited to:",
        "type" : "description",
        "subItems" : [ ]
      }, {
        "ccode" : null,
        "text" : "proton and carbon-13 NMR",
        "type" : "description",
        "subItems" : [ ]
      }, {
        "ccode" : "(ACSCH130)",
        "text" : "infrared spectroscopy",
        "type" : "description",
        "subItems" : [ ]
      } ]
    }, {
      "headline" : "Chemical Synthesis and Design",
      "items" : [ {
        "ccode" : null,
        "text" : "Inquiry question: What are the implications for society of chemical synthesis and design?",
        "type" : "description",
        "subItems" : [ ]
      }, {
        "ccode" : null,
        "text" : "evaluate the factors that need to be considered when designing a chemical synthesis process, including but not limited to:",
        "type" : "description",
        "subItems" : [ ]
      }, {
        "ccode" : null,
        "text" : "availability of reagents",
        "type" : "description",
        "subItems" : [ ]
      }, {
        "ccode" : "(ACSCH133)",
        "text" : "reaction conditions",
        "type" : "description",
        "subItems" : [ ]
      }, {
        "ccode" : "(ACSCH134)",
        "text" : "yield and purity",
        "type" : "description",
        "subItems" : [ ]
      }, {
        "ccode" : "(ACSCH131)",
        "text" : "industrial uses (eg pharmaceutical, cosmetics, cleaning products, fuels)",
        "type" : "description",
        "subItems" : [ ]
      }, {
        "ccode" : null,
        "text" : "environmental, social and economic issues",
        "type" : "description",
        "subItems" : [ ]
      } ]
    } ]
  }
} ]