{
  "nodes": [
    { "id": "Australian Curriculum", "group": 1 },
    { "id": "English F-10", "group": 2 },
    { "id": "Humanities and Social Sciences F-10", "group": 2 },
    { "id": "Work Studies F-10", "group": 2 },
    { "id": "The Arts", "group": 2 },
    { "id": "Languages F-10", "group": 2 },
    { "id": "Technologies F-10", "group": 2 },
    { "id": "Sciences F-10", "group": 2 },
    { "id": "Health and Physical Education F-10", "group": 2 },
    { "id": "Mathematics F-10", "group": 2 }
  ],
  "links": [
    { "source": "Australian Curriculum", "target": "English F-10", "value": 1 },
    { "source": "Australian Curriculum", "target": "Humanities and Social Sciences F-10", "value": 8 },
    { "source": "Australian Curriculum", "target": "Work Studies F-10", "value": 10 },
    { "source": "Australian Curriculum", "target": "The Arts", "value": 6 },
    { "source": "Australian Curriculum", "target": "Languages F-10", "value": 1 },
    { "source": "Australian Curriculum", "target": "Technologies F-10", "value": 1 },
    { "source": "Australian Curriculum", "target": "Sciences F-10", "value": 1 },
    { "source": "Australian Curriculum", "target": "Health and Physical Education F-10", "value": 1 },
    { "source": "Australian Curriculum", "target": "Mathematics F-10", "value": 2 }
  ]
}
