{"took":2,"timed_out":false,"_shards":{"total":1,"successful":1,"skipped":0,"failed":0},"hits":{"total":{"value":80,"relation":"eq"},"max_score":1.0,"hits":[{"_index":"content_test__syllabus","_type":"_doc","_id":"ENe1A","_score":1.0,"_source":{"file__path": "c:\\Users\\dwotton\\OneDrive - NSW Department of Education\\Documents\\Projects\\ML_document_tagging\\Syllabus\\", "file__name": "englishk10.json", "syllabus__id": "ENe1A", "syllabus__description": "communicates with peers and known adults in informal and guided activities demonstrating emerging skills of group interaction", "searchable_content": "{\"id\": 1566879983457, \"stage\": \"Early Stage 1\", \"category\": \"Objective A\", \"groupTitle\": \"Speaking and listening 1\", \"outcomes\": {\"label\": \"A student:\", \"outcomes\": [{\"code\": \"ENe1A\", \"description\": \"communicates with peers and known adults in informal and guided activities demonstrating emerging skills of group interaction\"}]}, \"content\": {\"label\": \"Students:\", \"groups\": [{\"headline\": \"Develop and apply contextual knowledge\", \"items\": [{\"ccode\": \"(ACELA1426)\", \"text\": \"understand that English is one of many languages spoken in Australia and that different languages may be spoken by family, classmates and community\", \"type\": \"curriculum\", \"subItems\": []}, {\"ccode\": null, \"text\": \"understand how to communicate effectively in pairs and groups using agreed interpersonal conventions, active listening, appropriate language and taking turns\", \"type\": \"description\", \"subItems\": []}], \"currentItem\": {\"ccode\": null, \"text\": \"understand how to communicate effectively in pairs and groups using agreed interpersonal conventions, active listening, appropriate language and taking turns\", \"type\": \"description\", \"subItems\": []}}, {\"headline\": \"Understand and apply knowledge of language forms and features\", \"items\": [{\"ccode\": null, \"text\": \"begin to identify some\\u00c2\\u00a0language features of familiar spoken texts in classroom interactions\", \"type\": \"description\", \"subItems\": []}, {\"ccode\": null, \"text\": \"communicate appropriately and effectively within the classroom using agreed conventions, eg staying on topic, asking for and offering assistance\", \"type\": \"description\", \"subItems\": []}, {\"ccode\": null, \"text\": \"recognise how 'and', 'but', 'then' link ideas in spoken texts\", \"type\": \"description\", \"subItems\": []}, {\"ccode\": null, \"text\": \"attempt to match\\u00c2\\u00a0noun to\\u00c2\\u00a0pronoun in spoken text, eg 'My brother has a pet. He feeds his pet.'\", \"type\": \"description\", \"subItems\": []}, {\"ccode\": \"(ACELT1579)\", \"text\": \"replicate the rhythms and sound patterns in stories, rhymes, songs and poems from a range of cultures\", \"type\": \"curriculum\", \"subItems\": []}], \"currentItem\": {\"ccode\": \"(ACELT1579)\", \"text\": \"replicate the rhythms and sound patterns in stories, rhymes, songs and poems from a range of cultures\", \"type\": \"curriculum\", \"subItems\": []}}, {\"headline\": \"Respond\\u00c2\\u00a0to and\\u00c2\\u00a0compose texts\", \"items\": [{\"ccode\": \"(ACELY1784)\", \"text\": \"use interaction skills including\\u00c2\\u00a0listening while others speak, using appropriate voice levels, articulation and body language, gestures and eye contact\", \"type\": \"curriculum\", \"subItems\": []}, {\"ccode\": \"(ACELY1646)\", \"text\": \"listen to and respond orally to texts and to the communication of others in informal and structured classroom situations\", \"type\": \"curriculum\", \"subItems\": []}, {\"ccode\": \"(ACELY1647)\", \"text\": \"deliver short oral presentations to peers\", \"type\": \"curriculum\", \"subItems\": []}, {\"ccode\": null, \"text\": \"communicate with peers and familiar adults about personal experience\", \"type\": \"description\", \"subItems\": []}, {\"ccode\": null, \"text\": \"describe an object of interest to the class, eg toy, pet\", \"type\": \"description\", \"subItems\": []}, {\"ccode\": null, \"text\": \"express a\\u00c2\\u00a0point of view about texts read and/or viewed\", \"type\": \"description\", \"subItems\": []}, {\"ccode\": null, \"text\": \"respond to simple questions either verbally or non-verbally\", \"type\": \"description\", \"subItems\": []}, {\"ccode\": null, \"text\": \"contribute appropriately to class discussions\", \"type\": \"description\", \"subItems\": []}, {\"ccode\": null, \"text\": \"use questions and statements appropriately in class discussions\", \"type\": \"description\", \"subItems\": []}, {\"ccode\": null, \"text\": \"use correct\\u00c2\\u00a0intonation when asking questions and making statements\", \"type\": \"description\", \"subItems\": []}, {\"ccode\": null, \"text\": \"carry out instructions involving one step\", \"type\": \"description\", \"subItems\": []}, {\"ccode\": null, \"text\": \"understand simple classroom routines\", \"type\": \"description\", \"subItems\": []}, {\"ccode\": null, \"text\": \"engage with and respond to a range of oral and aural texts for enjoyment and pleasure\", \"type\": \"description\", \"subItems\": []}, {\"ccode\": null, \"text\": \"respond to the shared reading of texts for enjoyment and pleasure\", \"type\": \"description\", \"subItems\": []}, {\"ccode\": null, \"text\": \"recite short, simple poems\", \"type\": \"description\", \"subItems\": []}, {\"ccode\": null, \"text\": \"retell familiar stories, including in home language\", \"type\": \"description\", \"subItems\": []}], \"currentItem\": {\"ccode\": null, \"text\": \"retell familiar stories, including in home language\", \"type\": \"description\", \"subItems\": []}}], \"currentGroup\": {\"headline\": \"Respond\\u00c2\\u00a0to and\\u00c2\\u00a0compose texts\", \"items\": [{\"ccode\": \"(ACELY1784)\", \"text\": \"use interaction skills including\\u00c2\\u00a0listening while others speak, using appropriate voice levels, articulation and body language, gestures and eye contact\", \"type\": \"curriculum\", \"subItems\": []}, {\"ccode\": \"(ACELY1646)\", \"text\": \"listen to and respond orally to texts and to the communication of others in informal and structured classroom situations\", \"type\": \"curriculum\", \"subItems\": []}, {\"ccode\": \"(ACELY1647)\", \"text\": \"deliver short oral presentations to peers\", \"type\": \"curriculum\", \"subItems\": []}, {\"ccode\": null, \"text\": \"communicate with peers and familiar adults about personal experience\", \"type\": \"description\", \"subItems\": []}, {\"ccode\": null, \"text\": \"describe an object of interest to the class, eg toy, pet\", \"type\": \"description\", \"subItems\": []}, {\"ccode\": null, \"text\": \"express a\\u00c2\\u00a0point of view about texts read and/or viewed\", \"type\": \"description\", \"subItems\": []}, {\"ccode\": null, \"text\": \"respond to simple questions either verbally or non-verbally\", \"type\": \"description\", \"subItems\": []}, {\"ccode\": null, \"text\": \"contribute appropriately to class discussions\", \"type\": \"description\", \"subItems\": []}, {\"ccode\": null, \"text\": \"use questions and statements appropriately in class discussions\", \"type\": \"description\", \"subItems\": []}, {\"ccode\": null, \"text\": \"use correct\\u00c2\\u00a0intonation when asking questions and making statements\", \"type\": \"description\", \"subItems\": []}, {\"ccode\": null, \"text\": \"carry out instructions involving one step\", \"type\": \"description\", \"subItems\": []}, {\"ccode\": null, \"text\": \"understand simple classroom routines\", \"type\": \"description\", \"subItems\": []}, {\"ccode\": null, \"text\": \"engage with and respond to a range of oral and aural texts for enjoyment and pleasure\", \"type\": \"description\", \"subItems\": []}, {\"ccode\": null, \"text\": \"respond to the shared reading of texts for enjoyment and pleasure\", \"type\": \"description\", \"subItems\": []}, {\"ccode\": null, \"text\": \"recite short, simple poems\", \"type\": \"description\", \"subItems\": []}, {\"ccode\": null, \"text\": \"retell familiar stories, including in home language\", \"type\": \"description\", \"subItems\": []}], \"currentItem\": {\"ccode\": null, \"text\": \"retell familiar stories, including in home language\", \"type\": \"description\", \"subItems\": []}}}}"}},{"_index":"content_test__syllabus","_type":"_doc","_id":"ENe2A","_score":1.0,"_source":{"file__path": "c:\\Users\\dwotton\\OneDrive - NSW Department of Education\\Documents\\Projects\\ML_document_tagging\\Syllabus\\", "file__name": "englishk10.json", "syllabus__id": "ENe2A", "syllabus__description": "composes simple texts to convey an idea or message", "searchable_content": "{\"id\": 1566879983458, \"stage\": \"Early Stage 1\", \"category\": \"Objective A\", \"groupTitle\": \"Writing and representing 1\", \"outcomes\": {\"label\": \"A student:\", \"outcomes\": [{\"code\": \"ENe2A\", \"description\": \"composes simple texts to convey an idea or message\"}]}, \"content\": {\"label\": \"Students:\", \"groups\": [{\"headline\": \"Develop and apply contextual knowledge\", \"items\": [{\"ccode\": null, \"text\": \"drawing on their experience of\\u00c2\\u00a0language and texts, begin to understand that writing and\\u00c2\\u00a0representing can be used to convey an idea or message\", \"type\": \"description\", \"subItems\": []}, {\"ccode\": null, \"text\": \"share writing with others for enjoyment\", \"type\": \"description\", \"subItems\": []}, {\"ccode\": null, \"text\": \"develop an awareness of issues relating to the responsible use of digital communication\", \"type\": \"description\", \"subItems\": []}], \"currentItem\": {\"ccode\": null, \"text\": \"develop an awareness of issues relating to the responsible use of digital communication\", \"type\": \"description\", \"subItems\": []}}, {\"headline\": \"Understand and apply knowledge of language forms and features\", \"items\": [{\"ccode\": \"(ACELA1758)\", \"text\": \"know that spoken sounds and words can be written down using letters of the alphabet and how to write some\\u00c2\\u00a0high-frequency sight words and known words\", \"type\": \"curriculum\", \"subItems\": []}], \"currentItem\": {\"ccode\": \"(ACELA1758)\", \"text\": \"know that spoken sounds and words can be written down using letters of the alphabet and how to write some\\u00c2\\u00a0high-frequency sight words and known words\", \"type\": \"curriculum\", \"subItems\": []}}, {\"headline\": \"Respond\\u00c2\\u00a0to and compose texts\", \"items\": [{\"ccode\": \"(ACELY1651)\", \"text\": \"create\\u00c2\\u00a0short texts to explore, record and report ideas and events using familiar words and beginning writing knowledge\", \"type\": \"curriculum\", \"subItems\": []}, {\"ccode\": null, \"text\": \"identify and use words around the classroom and in books during writing\", \"type\": \"description\", \"subItems\": []}, {\"ccode\": null, \"text\": \"compose texts using some sight words and known words\", \"type\": \"description\", \"subItems\": []}, {\"ccode\": null, \"text\": \"compose texts on familiar topics using pictures and graphics to support their choice of words\", \"type\": \"description\", \"subItems\": []}, {\"ccode\": null, \"text\": \"experiment with basic visual,\\u00c2\\u00a0multimodal and digital processes to represent some simple ideas expressed in texts and to convey experiences\", \"type\": \"description\", \"subItems\": []}, {\"ccode\": null, \"text\": \"use opportunities to write in their\\u00c2\\u00a0home language and\\u00c2\\u00a0dialect and make basic connections with English, including Aboriginal languages and Aboriginal English\", \"type\": \"description\", \"subItems\": []}, {\"ccode\": \"(ACELY1652)\", \"text\": \"participate in shared editing of students' own texts for meaning, spelling, capital letters and full stops\", \"type\": \"curriculum\", \"subItems\": []}], \"currentItem\": {\"ccode\": \"(ACELY1652)\", \"text\": \"participate in shared editing of students' own texts for meaning, spelling, capital letters and full stops\", \"type\": \"curriculum\", \"subItems\": []}}], \"currentGroup\": {\"headline\": \"Respond\\u00c2\\u00a0to and compose texts\", \"items\": [{\"ccode\": \"(ACELY1651)\", \"text\": \"create\\u00c2\\u00a0short texts to explore, record and report ideas and events using familiar words and beginning writing knowledge\", \"type\": \"curriculum\", \"subItems\": []}, {\"ccode\": null, \"text\": \"identify and use words around the classroom and in books during writing\", \"type\": \"description\", \"subItems\": []}, {\"ccode\": null, \"text\": \"compose texts using some sight words and known words\", \"type\": \"description\", \"subItems\": []}, {\"ccode\": null, \"text\": \"compose texts on familiar topics using pictures and graphics to support their choice of words\", \"type\": \"description\", \"subItems\": []}, {\"ccode\": null, \"text\": \"experiment with basic visual,\\u00c2\\u00a0multimodal and digital processes to represent some simple ideas expressed in texts and to convey experiences\", \"type\": \"description\", \"subItems\": []}, {\"ccode\": null, \"text\": \"use opportunities to write in their\\u00c2\\u00a0home language and\\u00c2\\u00a0dialect and make basic connections with English, including Aboriginal languages and Aboriginal English\", \"type\": \"description\", \"subItems\": []}, {\"ccode\": \"(ACELY1652)\", \"text\": \"participate in shared editing of students' own texts for meaning, spelling, capital letters and full stops\", \"type\": \"curriculum\", \"subItems\": []}], \"currentItem\": {\"ccode\": \"(ACELY1652)\", \"text\": \"participate in shared editing of students' own texts for meaning, spelling, capital letters and full stops\", \"type\": \"curriculum\", \"subItems\": []}}}}"}},{"_index":"content_test__syllabus","_type":"_doc","_id":"ENe3A","_score":1.0,"_source":{"file__path": "c:\\Users\\dwotton\\OneDrive - NSW Department of Education\\Documents\\Projects\\ML_document_tagging\\Syllabus\\", "file__name": "englishk10.json", "syllabus__id": "ENe3A", "syllabus__description": "produces most lower case and upper case letters and uses digital technologies to construct texts", "searchable_content": "{\"id\": 1566879983459, \"stage\": \"Early Stage 1\", \"category\": \"Objective A\", \"groupTitle\": \"Handwriting and using digital technologies\", \"outcomes\": {\"label\": \"A student:\", \"outcomes\": [{\"code\": \"ENe3A\", \"description\": \"produces most lower case and upper case letters and uses digital technologies to construct texts\"}]}, \"content\": {\"label\": \"Students:\", \"groups\": [{\"headline\": \"Develop and apply contextual knowledge\", \"items\": [{\"ccode\": null, \"text\": \"demonstrate a growing understanding that\\u00c2\\u00a0handwriting and presentation of work needs to reflect\\u00c2\\u00a0audience and\\u00c2\\u00a0purpose in order to communicate effectively\", \"type\": \"description\", \"subItems\": []}], \"currentItem\": {\"ccode\": null, \"text\": \"demonstrate a growing understanding that\\u00c2\\u00a0handwriting and presentation of work needs to reflect\\u00c2\\u00a0audience and\\u00c2\\u00a0purpose in order to communicate effectively\", \"type\": \"description\", \"subItems\": []}}, {\"headline\": \"Understand and apply knowledge of language forms and features\", \"items\": [{\"ccode\": null, \"text\": \"understand foundation movements that underpin NSW Foundation Style\", \"type\": \"description\", \"subItems\": []}, {\"ccode\": null, \"text\": \"begin to understand the sequence of letters through structured and guided activities\", \"type\": \"description\", \"subItems\": []}], \"currentItem\": {\"ccode\": null, \"text\": \"begin to understand the sequence of letters through structured and guided activities\", \"type\": \"description\", \"subItems\": []}}, {\"headline\": \"Respond\\u00c2\\u00a0to and\\u00c2\\u00a0compose texts\", \"items\": [{\"ccode\": null, \"text\": \"use foundation movements as a basis for the introduction of formal letters when composing simple imaginative and other texts for enjoyment or to convey an idea or experience\", \"type\": \"description\", \"subItems\": []}, {\"ccode\": null, \"text\": \"develop basic skills of writing, including correct pencil grip, good posture, handwriting movements and accurate use of alternative writing tools, to form some lower case and upper case letters\", \"type\": \"description\", \"subItems\": []}, {\"ccode\": null, \"text\": \"write from left to right and leave spaces between words\", \"type\": \"description\", \"subItems\": []}, {\"ccode\": \"(ACELY1653)\", \"text\": \"produce some lower case and upper case letters using learned letter formations\", \"type\": \"curriculum\", \"subItems\": []}, {\"ccode\": null, \"text\": \"use simple functions of keyboard and mouse, including typing letters, scrolling, selecting icons and dropdown menus\", \"type\": \"description\", \"subItems\": []}, {\"ccode\": null, \"text\": \"experiment using digital technologies, eg produce own name, commonly used words and simple sentences\", \"type\": \"description\", \"subItems\": []}, {\"ccode\": null, \"text\": \"construct texts using software including word processing programs (ACELY1654)\", \"type\": \"description\", \"subItems\": []}], \"currentItem\": {\"ccode\": null, \"text\": \"construct texts using software including word processing programs (ACELY1654)\", \"type\": \"description\", \"subItems\": []}}], \"currentGroup\": {\"headline\": \"Respond\\u00c2\\u00a0to and\\u00c2\\u00a0compose texts\", \"items\": [{\"ccode\": null, \"text\": \"use foundation movements as a basis for the introduction of formal letters when composing simple imaginative and other texts for enjoyment or to convey an idea or experience\", \"type\": \"description\", \"subItems\": []}, {\"ccode\": null, \"text\": \"develop basic skills of writing, including correct pencil grip, good posture, handwriting movements and accurate use of alternative writing tools, to form some lower case and upper case letters\", \"type\": \"description\", \"subItems\": []}, {\"ccode\": null, \"text\": \"write from left to right and leave spaces between words\", \"type\": \"description\", \"subItems\": []}, {\"ccode\": \"(ACELY1653)\", \"text\": \"produce some lower case and upper case letters using learned letter formations\", \"type\": \"curriculum\", \"subItems\": []}, {\"ccode\": null, \"text\": \"use simple functions of keyboard and mouse, including typing letters, scrolling, selecting icons and dropdown menus\", \"type\": \"description\", \"subItems\": []}, {\"ccode\": null, \"text\": \"experiment using digital technologies, eg produce own name, commonly used words and simple sentences\", \"type\": \"description\", \"subItems\": []}, {\"ccode\": null, \"text\": \"construct texts using software including word processing programs (ACELY1654)\", \"type\": \"description\", \"subItems\": []}], \"currentItem\": {\"ccode\": null, \"text\": \"construct texts using software including word processing programs (ACELY1654)\", \"type\": \"description\", \"subItems\": []}}}}"}},{"_index":"content_test__syllabus","_type":"_doc","_id":"ENe4A","_score":1.0,"_source":{"file__path": "c:\\Users\\dwotton\\OneDrive - NSW Department of Education\\Documents\\Projects\\ML_document_tagging\\Syllabus\\", "file__name": "englishk10.json", "syllabus__id": "ENe4A", "syllabus__description": "demonstrates developing skills and strategies to read, view and comprehend short, predictable texts on familiar topics in different media and technologies", "searchable_content": "{\"id\": 1566879983460, \"stage\": \"Early Stage 1\", \"category\": \"Objective A\", \"groupTitle\": \"Reading and viewing 1\", \"outcomes\": {\"label\": \"A student:\", \"outcomes\": [{\"code\": \"ENe4A\", \"description\": \"demonstrates developing skills and strategies to read, view and comprehend short, predictable texts on familiar topics in different media and technologies\"}]}, \"content\": {\"label\": \"Students:\", \"groups\": [{\"headline\": \"Develop and apply contextual knowledge\", \"items\": [{\"ccode\": null, \"text\": \"identify some familiar written symbols in context, eg logos, computer icons and commands, labels of packages, signs\", \"type\": \"description\", \"subItems\": []}, {\"ccode\": null, \"text\": \"identify unfamiliar words and attempt to use experience and context to work out word meanings\", \"type\": \"description\", \"subItems\": []}, {\"ccode\": null, \"text\": \"identify and compare similar ideas, characters and settings in texts\", \"type\": \"description\", \"subItems\": []}], \"currentItem\": {\"ccode\": null, \"text\": \"identify and compare similar ideas, characters and settings in texts\", \"type\": \"description\", \"subItems\": []}}, {\"headline\": \"Understand and apply knowledge of language forms and features\", \"items\": [{\"ccode\": \"(ACELA1433)\", \"text\": \"understand concepts about print and screen, including how books, film and simple digital texts work, and know some features of print, for example directionality\", \"type\": \"curriculum\", \"subItems\": []}, {\"ccode\": null, \"text\": \"recognise basic book conventions, eg open and hold books correctly, turn pages\", \"type\": \"description\", \"subItems\": []}, {\"ccode\": null, \"text\": \"understand direction of print, return sweeps and spaces between words\", \"type\": \"description\", \"subItems\": []}, {\"ccode\": null, \"text\": \"identify a sentence in imaginative and informative texts and understand its meaning\", \"type\": \"description\", \"subItems\": []}, {\"ccode\": \"(ACELA1440)\", \"text\": \"recognise the letters of the alphabet and know there are lower and upper case letters\", \"type\": \"curriculum\", \"subItems\": []}, {\"ccode\": null, \"text\": \"recognise grammatical patterns when reading to assist in making meaning, eg locating words that tell who, what, when or where in texts\", \"type\": \"description\", \"subItems\": []}], \"currentItem\": {\"ccode\": null, \"text\": \"recognise grammatical patterns when reading to assist in making meaning, eg locating words that tell who, what, when or where in texts\", \"type\": \"description\", \"subItems\": []}}, {\"headline\": \"Develop and apply\\u00c2\\u00a0phonemic knowledge\", \"items\": [{\"ccode\": null, \"text\": \"join in rhymes and chants\", \"type\": \"description\", \"subItems\": []}, {\"ccode\": null, \"text\": \"understand that spoken words are made up of sounds\", \"type\": \"description\", \"subItems\": []}, {\"ccode\": \"(ACELA1439)\", \"text\": \"recognise rhymes,\\u00c2\\u00a0syllables and sounds (phonemes) in spoken words\", \"type\": \"curriculum\", \"subItems\": []}, {\"ccode\": null, \"text\": \"consistently identify words that start with the same initial sound\", \"type\": \"description\", \"subItems\": []}, {\"ccode\": null, \"text\": \"segment\\u00c2\\u00a0words into onset and rime\", \"type\": \"description\", \"subItems\": []}, {\"ccode\": null, \"text\": \"identify the beginning and end sounds of words\", \"type\": \"description\", \"subItems\": []}, {\"ccode\": null, \"text\": \"orally blend two or three sounds to make a word\", \"type\": \"description\", \"subItems\": []}, {\"ccode\": null, \"text\": \"segment simple spoken words into separate sounds\", \"type\": \"description\", \"subItems\": []}, {\"ccode\": null, \"text\": \"identify the new word when asked to delete or add a phoneme (sound) to an existing spoken word\", \"type\": \"description\", \"subItems\": []}], \"currentItem\": {\"ccode\": null, \"text\": \"identify the new word when asked to delete or add a phoneme (sound) to an existing spoken word\", \"type\": \"description\", \"subItems\": []}}, {\"headline\": \"Develop and apply graphological, phonological,\\u00c2\\u00a0syntactic and\\u00c2\\u00a0semantic knowledge\", \"items\": [{\"ccode\": null, \"text\": \"recognise high-frequency words, including own name\", \"type\": \"description\", \"subItems\": []}, {\"ccode\": null, \"text\": \"read and understand some sight words in simple, predictable texts\", \"type\": \"description\", \"subItems\": []}, {\"ccode\": null, \"text\": \"identify most of the sounds and name all letters in a given word\", \"type\": \"description\", \"subItems\": []}, {\"ccode\": null, \"text\": \"use phonological strategies when reading, including letter\\u00e2\\u20ac\\u201csound relationships\", \"type\": \"description\", \"subItems\": []}, {\"ccode\": null, \"text\": \"use knowledge of letters and sounds to\\u00c2\\u00a0decode words, including those in initial, final and medial positions\", \"type\": \"description\", \"subItems\": []}, {\"ccode\": null, \"text\": \"manipulate letters to assist reading, eg delete an onset to make a new word, delete a rime to say an onset\", \"type\": \"description\", \"subItems\": []}], \"currentItem\": {\"ccode\": null, \"text\": \"manipulate letters to assist reading, eg delete an onset to make a new word, delete a rime to say an onset\", \"type\": \"description\", \"subItems\": []}}, {\"headline\": \"Respond\\u00c2\\u00a0to, read and view texts\", \"items\": [{\"ccode\": \"(ACELY1649)\", \"text\": \"read predictable texts, practising phrasing and fluency, and monitor meaning using concepts about print and emerging contextual, semantic,\\u00c2\\u00a0grammatical and phonic knowledge\", \"type\": \"curriculum\", \"subItems\": []}, {\"ccode\": \"(ACELY1650)\", \"text\": \"use comprehension strategies to understand and discuss texts listened to, viewed or read independently\", \"type\": \"curriculum\", \"subItems\": []}, {\"ccode\": null, \"text\": \"predict\\u00c2\\u00a0meaning using elements of texts prior to reading\", \"type\": \"description\", \"subItems\": []}, {\"ccode\": null, \"text\": \"read one or more sentences correctly and for meaning in environmental/print texts\", \"type\": \"description\", \"subItems\": []}, {\"ccode\": null, \"text\": \"identify literal meanings presented in texts, eg character, setting and events\", \"type\": \"description\", \"subItems\": []}, {\"ccode\": null, \"text\": \"make connections between a text and own life\", \"type\": \"description\", \"subItems\": []}, {\"ccode\": null, \"text\": \"interpret meaning by responding to an inferential question\", \"type\": \"description\", \"subItems\": []}, {\"ccode\": null, \"text\": \"retell a familiar story in sequence and identify main idea\", \"type\": \"description\", \"subItems\": []}, {\"ccode\": null, \"text\": \"create visuals that reflect character, setting and events\", \"type\": \"description\", \"subItems\": []}, {\"ccode\": null, \"text\": \"use context to predict meaning in written texts to supplement decoding attempts\", \"type\": \"description\", \"subItems\": []}, {\"ccode\": null, \"text\": \"make acceptable substitutions when reading simple texts\", \"type\": \"description\", \"subItems\": []}, {\"ccode\": null, \"text\": \"begin to use self-correction strategies, eg rereading, pausing, using picture cues and semantic and syntactic skills, to make meaning from print and non-print texts\", \"type\": \"description\", \"subItems\": []}, {\"ccode\": null, \"text\": \"use with increasing awareness appropriate reading behaviours, eg pitch,\\u00c2\\u00a0intonation and fluency\", \"type\": \"description\", \"subItems\": []}], \"currentItem\": {\"ccode\": null, \"text\": \"use with increasing awareness appropriate reading behaviours, eg pitch,\\u00c2\\u00a0intonation and fluency\", \"type\": \"description\", \"subItems\": []}}], \"currentGroup\": {\"headline\": \"Respond\\u00c2\\u00a0to, read and view texts\", \"items\": [{\"ccode\": \"(ACELY1649)\", \"text\": \"read predictable texts, practising phrasing and fluency, and monitor meaning using concepts about print and emerging contextual, semantic,\\u00c2\\u00a0grammatical and phonic knowledge\", \"type\": \"curriculum\", \"subItems\": []}, {\"ccode\": \"(ACELY1650)\", \"text\": \"use comprehension strategies to understand and discuss texts listened to, viewed or read independently\", \"type\": \"curriculum\", \"subItems\": []}, {\"ccode\": null, \"text\": \"predict\\u00c2\\u00a0meaning using elements of texts prior to reading\", \"type\": \"description\", \"subItems\": []}, {\"ccode\": null, \"text\": \"read one or more sentences correctly and for meaning in environmental/print texts\", \"type\": \"description\", \"subItems\": []}, {\"ccode\": null, \"text\": \"identify literal meanings presented in texts, eg character, setting and events\", \"type\": \"description\", \"subItems\": []}, {\"ccode\": null, \"text\": \"make connections between a text and own life\", \"type\": \"description\", \"subItems\": []}, {\"ccode\": null, \"text\": \"interpret meaning by responding to an inferential question\", \"type\": \"description\", \"subItems\": []}, {\"ccode\": null, \"text\": \"retell a familiar story in sequence and identify main idea\", \"type\": \"description\", \"subItems\": []}, {\"ccode\": null, \"text\": \"create visuals that reflect character, setting and events\", \"type\": \"description\", \"subItems\": []}, {\"ccode\": null, \"text\": \"use context to predict meaning in written texts to supplement decoding attempts\", \"type\": \"description\", \"subItems\": []}, {\"ccode\": null, \"text\": \"make acceptable substitutions when reading simple texts\", \"type\": \"description\", \"subItems\": []}, {\"ccode\": null, \"text\": \"begin to use self-correction strategies, eg rereading, pausing, using picture cues and semantic and syntactic skills, to make meaning from print and non-print texts\", \"type\": \"description\", \"subItems\": []}, {\"ccode\": null, \"text\": \"use with increasing awareness appropriate reading behaviours, eg pitch,\\u00c2\\u00a0intonation and fluency\", \"type\": \"description\", \"subItems\": []}], \"currentItem\": {\"ccode\": null, \"text\": \"use with increasing awareness appropriate reading behaviours, eg pitch,\\u00c2\\u00a0intonation and fluency\", \"type\": \"description\", \"subItems\": []}}}}"}},{"_index":"content_test__syllabus","_type":"_doc","_id":"ENe5A","_score":1.0,"_source":{"file__path": "c:\\Users\\dwotton\\OneDrive - NSW Department of Education\\Documents\\Projects\\ML_document_tagging\\Syllabus\\", "file__name": "englishk10.json", "syllabus__id": "ENe5A", "syllabus__description": "demonstrates developing skills in using letters, simple sound blends and some sight words to represent known words when spelling", "searchable_content": "{\"id\": 1566879983461, \"stage\": \"Early Stage 1\", \"category\": \"Objective A\", \"groupTitle\": \"Spelling\", \"outcomes\": {\"label\": \"A student:\", \"outcomes\": [{\"code\": \"ENe5A\", \"description\": \"demonstrates developing skills in using letters, simple sound blends and some sight words to represent known words when spelling\"}]}, \"content\": {\"label\": \"Students:\", \"groups\": [{\"headline\": \"Develop and apply contextual knowledge\", \"items\": [{\"ccode\": null, \"text\": \"understand that initial approximations can lead to correct formal spelling\", \"type\": \"description\", \"subItems\": []}], \"currentItem\": {\"ccode\": null, \"text\": \"understand that initial approximations can lead to correct formal spelling\", \"type\": \"description\", \"subItems\": []}}, {\"headline\": \"Understand and apply knowledge of language forms and features\", \"items\": [{\"ccode\": null, \"text\": \"spell unknown words phonetically with closer approximations\", \"type\": \"description\", \"subItems\": []}, {\"ccode\": \"(ACELA1438)\", \"text\": \"know how to use\\u00c2\\u00a0onset and rime to spell words\", \"type\": \"curriculum\", \"subItems\": []}, {\"ccode\": null, \"text\": \"identify patterns in words leading to the identification of word families\", \"type\": \"description\", \"subItems\": []}, {\"ccode\": null, \"text\": \"use and write beginning and ending sounds of spoken words\", \"type\": \"description\", \"subItems\": []}, {\"ccode\": null, \"text\": \"know that letters are used to represent sounds when writing words\", \"type\": \"description\", \"subItems\": []}], \"currentItem\": {\"ccode\": null, \"text\": \"know that letters are used to represent sounds when writing words\", \"type\": \"description\", \"subItems\": []}}, {\"headline\": \"Respond\\u00c2\\u00a0to and\\u00c2\\u00a0compose texts\", \"items\": [{\"ccode\": null, \"text\": \"use approximations and some conventional spelling\", \"type\": \"description\", \"subItems\": []}, {\"ccode\": null, \"text\": \"attempt to spell unknown words using simple strategies, eg segmenting\", \"type\": \"description\", \"subItems\": []}, {\"ccode\": null, \"text\": \"spell some common words accurately in their own writing\", \"type\": \"description\", \"subItems\": []}, {\"ccode\": null, \"text\": \"vocalise or subvocalise words when trying to write them\", \"type\": \"description\", \"subItems\": []}, {\"ccode\": null, \"text\": \"use plural form when spelling some words\", \"type\": \"description\", \"subItems\": []}], \"currentItem\": {\"ccode\": null, \"text\": \"use plural form when spelling some words\", \"type\": \"description\", \"subItems\": []}}], \"currentGroup\": {\"headline\": \"Respond\\u00c2\\u00a0to and\\u00c2\\u00a0compose texts\", \"items\": [{\"ccode\": null, \"text\": \"use approximations and some conventional spelling\", \"type\": \"description\", \"subItems\": []}, {\"ccode\": null, \"text\": \"attempt to spell unknown words using simple strategies, eg segmenting\", \"type\": \"description\", \"subItems\": []}, {\"ccode\": null, \"text\": \"spell some common words accurately in their own writing\", \"type\": \"description\", \"subItems\": []}, {\"ccode\": null, \"text\": \"vocalise or subvocalise words when trying to write them\", \"type\": \"description\", \"subItems\": []}, {\"ccode\": null, \"text\": \"use plural form when spelling some words\", \"type\": \"description\", \"subItems\": []}], \"currentItem\": {\"ccode\": null, \"text\": \"use plural form when spelling some words\", \"type\": \"description\", \"subItems\": []}}}}"}},{"_index":"content_test__syllabus","_type":"_doc","_id":"ENe6B","_score":1.0,"_source":{"file__path": "c:\\Users\\dwotton\\OneDrive - NSW Department of Education\\Documents\\Projects\\ML_document_tagging\\Syllabus\\", "file__name": "englishk10.json", "syllabus__id": "ENe6B", "syllabus__description": "recognises that there are different kinds of spoken texts with specific language features and shows an emerging awareness of some purposes for spoken language", "searchable_content": "{\"id\": 1566879983462, \"stage\": \"Early Stage 1\", \"category\": \"Objective B\", \"groupTitle\": \"Speaking and listening 2\", \"outcomes\": {\"label\": \"A student:\", \"outcomes\": [{\"code\": \"ENe6B\", \"description\": \"recognises that there are different kinds of spoken texts with specific language features and shows an emerging awareness of some purposes for spoken language\"}]}, \"content\": {\"label\": \"Students:\", \"groups\": [{\"headline\": \"Develop and apply contextual knowledge\", \"items\": [{\"ccode\": null, \"text\": \"recognise that there are different ways of using spoken language to communicate\", \"type\": \"description\", \"subItems\": []}, {\"ccode\": null, \"text\": \"demonstrate a developing understanding of language used at school and expectations for using spoken language according to\\u00c2\\u00a0audience and purpose\", \"type\": \"description\", \"subItems\": []}, {\"ccode\": null, \"text\": \"recognise different methods of communication, eg Standard Australian English, Aboriginal English, home language, sign language and body language\", \"type\": \"description\", \"subItems\": []}, {\"ccode\": \"(ACELA1428)\", \"text\": \"explore how language is used differently at home and school depending on the relationships between people\", \"type\": \"curriculum\", \"subItems\": []}, {\"ccode\": \"(ACELA1429)\", \"text\": \"understand that language can be used to explore ways of expressing needs, likes and dislikes\", \"type\": \"curriculum\", \"subItems\": []}], \"currentItem\": {\"ccode\": \"(ACELA1429)\", \"text\": \"understand that language can be used to explore ways of expressing needs, likes and dislikes\", \"type\": \"curriculum\", \"subItems\": []}}, {\"headline\": \"Understand and apply knowledge of language forms and features\", \"items\": [{\"ccode\": null, \"text\": \"begin to identify some language features of familiar spoken texts\", \"type\": \"description\", \"subItems\": []}, {\"ccode\": null, \"text\": \"identify the difference between a question and a statement\", \"type\": \"description\", \"subItems\": []}, {\"ccode\": \"(ACELA1437)\", \"text\": \"understand the use of vocabulary in familiar contexts related to everyday experiences, personal interests and topics taught at school\", \"type\": \"curriculum\", \"subItems\": []}], \"currentItem\": {\"ccode\": \"(ACELA1437)\", \"text\": \"understand the use of vocabulary in familiar contexts related to everyday experiences, personal interests and topics taught at school\", \"type\": \"curriculum\", \"subItems\": []}}, {\"headline\": \"Respond\\u00c2\\u00a0to and\\u00c2\\u00a0compose texts\", \"items\": [{\"ccode\": null, \"text\": \"greet people differently according to the relationship\", \"type\": \"description\", \"subItems\": []}, {\"ccode\": null, \"text\": \"make simple requests using appropriate word order\", \"type\": \"description\", \"subItems\": []}, {\"ccode\": null, \"text\": \"recognise and interpret a simple instruction from teachers and peers\", \"type\": \"description\", \"subItems\": []}, {\"ccode\": null, \"text\": \"compose texts to communicate feelings, needs, opinions and ideas\", \"type\": \"description\", \"subItems\": []}, {\"ccode\": null, \"text\": \"use music and/or actions to enhance the enjoyment and understanding of rhymes, poems, chants and songs\", \"type\": \"description\", \"subItems\": []}], \"currentItem\": {\"ccode\": null, \"text\": \"use music and/or actions to enhance the enjoyment and understanding of rhymes, poems, chants and songs\", \"type\": \"description\", \"subItems\": []}}], \"currentGroup\": {\"headline\": \"Respond\\u00c2\\u00a0to and\\u00c2\\u00a0compose texts\", \"items\": [{\"ccode\": null, \"text\": \"greet people differently according to the relationship\", \"type\": \"description\", \"subItems\": []}, {\"ccode\": null, \"text\": \"make simple requests using appropriate word order\", \"type\": \"description\", \"subItems\": []}, {\"ccode\": null, \"text\": \"recognise and interpret a simple instruction from teachers and peers\", \"type\": \"description\", \"subItems\": []}, {\"ccode\": null, \"text\": \"compose texts to communicate feelings, needs, opinions and ideas\", \"type\": \"description\", \"subItems\": []}, {\"ccode\": null, \"text\": \"use music and/or actions to enhance the enjoyment and understanding of rhymes, poems, chants and songs\", \"type\": \"description\", \"subItems\": []}], \"currentItem\": {\"ccode\": null, \"text\": \"use music and/or actions to enhance the enjoyment and understanding of rhymes, poems, chants and songs\", \"type\": \"description\", \"subItems\": []}}}}"}},{"_index":"content_test__syllabus","_type":"_doc","_id":"ENe7B","_score":1.0,"_source":{"file__path": "c:\\Users\\dwotton\\OneDrive - NSW Department of Education\\Documents\\Projects\\ML_document_tagging\\Syllabus\\", "file__name": "englishk10.json", "syllabus__id": "ENe7B", "syllabus__description": "recognises some different purposes for writing and that own texts differ in various ways", "searchable_content": "{\"id\": 1566879983463, \"stage\": \"Early Stage 1\", \"category\": \"Objective B\", \"groupTitle\": \"Writing and representing 2\", \"outcomes\": {\"label\": \"A student:\", \"outcomes\": [{\"code\": \"ENe7B\", \"description\": \"recognises some different purposes for writing and that own texts differ in various ways\"}]}, \"content\": {\"label\": \"Students:\", \"groups\": [{\"headline\": \"Develop and apply contextual knowledge\", \"items\": [{\"ccode\": null, \"text\": \"discuss the possible\\u00c2\\u00a0audiences of imaginative and informative texts\", \"type\": \"description\", \"subItems\": []}, {\"ccode\": \"(ACELA1430)\", \"text\": \"understand that texts can take many forms, can be very short (for example an exit sign) or quite long (for example an information book or a film) and that stories and informative texts have different purposes\", \"type\": \"curriculum\", \"subItems\": []}, {\"ccode\": null, \"text\": \"discuss the different purposes of drawing and writing in simple texts\", \"type\": \"description\", \"subItems\": []}], \"currentItem\": {\"ccode\": null, \"text\": \"discuss the different purposes of drawing and writing in simple texts\", \"type\": \"description\", \"subItems\": []}}, {\"headline\": \"Understand and apply knowledge of language forms and features\", \"items\": [{\"ccode\": \"(ACELA1431)\", \"text\": \"understand that some language in written texts is unlike everyday spoken language\", \"type\": \"curriculum\", \"subItems\": []}, {\"ccode\": \"(ACELY1648)\", \"text\": \"identify some differences between imaginative and informative texts\", \"type\": \"curriculum\", \"subItems\": []}, {\"ccode\": null, \"text\": \"identify that imaginative texts are about 'characters' that are represented by\\u00c2\\u00a0nouns and noun groups\", \"type\": \"description\", \"subItems\": []}, {\"ccode\": null, \"text\": \"demonstrate an awareness of written forms of communication, including labels, symbols, emails, letters and photographs\", \"type\": \"description\", \"subItems\": []}], \"currentItem\": {\"ccode\": null, \"text\": \"demonstrate an awareness of written forms of communication, including labels, symbols, emails, letters and photographs\", \"type\": \"description\", \"subItems\": []}}, {\"headline\": \"Respond\\u00c2\\u00a0to and\\u00c2\\u00a0compose texts\", \"items\": [{\"ccode\": null, \"text\": \"compose texts for known audience, eg self, class, other classes, parents\", \"type\": \"description\", \"subItems\": []}, {\"ccode\": null, \"text\": \"compose texts using drawings and other visual media to create meaning\", \"type\": \"description\", \"subItems\": []}, {\"ccode\": null, \"text\": \"reread own texts with peers and known adults and explain the purpose for the writing\", \"type\": \"description\", \"subItems\": []}], \"currentItem\": {\"ccode\": null, \"text\": \"reread own texts with peers and known adults and explain the purpose for the writing\", \"type\": \"description\", \"subItems\": []}}], \"currentGroup\": {\"headline\": \"Respond\\u00c2\\u00a0to and\\u00c2\\u00a0compose texts\", \"items\": [{\"ccode\": null, \"text\": \"compose texts for known audience, eg self, class, other classes, parents\", \"type\": \"description\", \"subItems\": []}, {\"ccode\": null, \"text\": \"compose texts using drawings and other visual media to create meaning\", \"type\": \"description\", \"subItems\": []}, {\"ccode\": null, \"text\": \"reread own texts with peers and known adults and explain the purpose for the writing\", \"type\": \"description\", \"subItems\": []}], \"currentItem\": {\"ccode\": null, \"text\": \"reread own texts with peers and known adults and explain the purpose for the writing\", \"type\": \"description\", \"subItems\": []}}}}"}},{"_index":"content_test__syllabus","_type":"_doc","_id":"ENe8B","_score":1.0,"_source":{"file__path": "c:\\Users\\dwotton\\OneDrive - NSW Department of Education\\Documents\\Projects\\ML_document_tagging\\Syllabus\\", "file__name": "englishk10.json", "syllabus__id": "ENe8B", "syllabus__description": "demonstrates emerging skills and knowledge of texts to read and view, and shows developing awareness of purpose, audience and subject matter", "searchable_content": "{\"id\": 1566879983464, \"stage\": \"Early Stage 1\", \"category\": \"Objective B\", \"groupTitle\": \"Reading and viewing 2\", \"outcomes\": {\"label\": \"A student:\", \"outcomes\": [{\"code\": \"ENe8B\", \"description\": \"demonstrates emerging skills and knowledge of texts to read and view, and shows developing awareness of purpose, audience and subject matter\"}]}, \"content\": {\"label\": \"Students:\", \"groups\": [{\"headline\": \"Develop and apply contextual knowledge\", \"items\": [{\"ccode\": null, \"text\": \"recognise that there are different kinds of\\u00c2\\u00a0imaginative and informative texts for enjoyment and finding information\", \"type\": \"description\", \"subItems\": []}, {\"ccode\": \"(ACELY1645)\", \"text\": \"identify some familiar texts and the\\u00c2\\u00a0contexts in which they are used\", \"type\": \"curriculum\", \"subItems\": []}, {\"ccode\": null, \"text\": \"understand that readers/viewers may have varied and individual responses to a text\", \"type\": \"description\", \"subItems\": []}, {\"ccode\": null, \"text\": \"recognise parts of print and digital texts, eg front and back covers, title and author, layout and navigation\", \"type\": \"description\", \"subItems\": []}, {\"ccode\": null, \"text\": \"recognise key differences between imaginative and informative texts\", \"type\": \"description\", \"subItems\": []}, {\"ccode\": null, \"text\": \"identify some purposes of simple and imaginative texts\", \"type\": \"description\", \"subItems\": []}, {\"ccode\": null, \"text\": \"identify the intended\\u00c2\\u00a0audience\\u00c2\\u00a0for a particular text and give reasons\", \"type\": \"description\", \"subItems\": []}], \"currentItem\": {\"ccode\": null, \"text\": \"identify the intended\\u00c2\\u00a0audience\\u00c2\\u00a0for a particular text and give reasons\", \"type\": \"description\", \"subItems\": []}}, {\"headline\": \"Understand and apply knowledge of language forms and features\", \"items\": [{\"ccode\": null, \"text\": \"distinguish print from drawings\", \"type\": \"description\", \"subItems\": []}, {\"ccode\": null, \"text\": \"understand that words can be spoken or written\", \"type\": \"description\", \"subItems\": []}, {\"ccode\": null, \"text\": \"recognise that words and pictures have meaning and that words can be read aloud\", \"type\": \"description\", \"subItems\": []}, {\"ccode\": \"(ACELA1786)\", \"text\": \"explore the different contribution of words and images to meaning in stories and informative texts\", \"type\": \"curriculum\", \"subItems\": []}, {\"ccode\": \"(ACELT1578)\", \"text\": \"identify some features of texts including events and characters and retell events from a text\", \"type\": \"curriculum\", \"subItems\": []}], \"currentItem\": {\"ccode\": \"(ACELT1578)\", \"text\": \"identify some features of texts including events and characters and retell events from a text\", \"type\": \"curriculum\", \"subItems\": []}}, {\"headline\": \"Respond\\u00c2\\u00a0to, read and\\u00c2\\u00a0view texts\", \"items\": [{\"ccode\": null, \"text\": \"engage with shared stories and join in shared book activities on familiar and imaginary books\", \"type\": \"description\", \"subItems\": []}, {\"ccode\": null, \"text\": \"explore sequencing of a story, focusing on the beginning, middle and end and recognise cultural patterns of storytelling, eg 'Once upon a time', the Dreaming\", \"type\": \"description\", \"subItems\": []}, {\"ccode\": null, \"text\": \"interpret pictures with labels, environmental print logos and other visual images\", \"type\": \"description\", \"subItems\": []}, {\"ccode\": null, \"text\": \"select simple print, visual and/or digital texts to read independently for enjoyment and pleasure\", \"type\": \"description\", \"subItems\": []}, {\"ccode\": null, \"text\": \"discuss familiar written and visual texts\", \"type\": \"description\", \"subItems\": []}], \"currentItem\": {\"ccode\": null, \"text\": \"discuss familiar written and visual texts\", \"type\": \"description\", \"subItems\": []}}], \"currentGroup\": {\"headline\": \"Respond\\u00c2\\u00a0to, read and\\u00c2\\u00a0view texts\", \"items\": [{\"ccode\": null, \"text\": \"engage with shared stories and join in shared book activities on familiar and imaginary books\", \"type\": \"description\", \"subItems\": []}, {\"ccode\": null, \"text\": \"explore sequencing of a story, focusing on the beginning, middle and end and recognise cultural patterns of storytelling, eg 'Once upon a time', the Dreaming\", \"type\": \"description\", \"subItems\": []}, {\"ccode\": null, \"text\": \"interpret pictures with labels, environmental print logos and other visual images\", \"type\": \"description\", \"subItems\": []}, {\"ccode\": null, \"text\": \"select simple print, visual and/or digital texts to read independently for enjoyment and pleasure\", \"type\": \"description\", \"subItems\": []}, {\"ccode\": null, \"text\": \"discuss familiar written and visual texts\", \"type\": \"description\", \"subItems\": []}], \"currentItem\": {\"ccode\": null, \"text\": \"discuss familiar written and visual texts\", \"type\": \"description\", \"subItems\": []}}}}"}},{"_index":"content_test__syllabus","_type":"_doc","_id":"ENe9B","_score":1.0,"_source":{"file__path": "c:\\Users\\dwotton\\OneDrive - NSW Department of Education\\Documents\\Projects\\ML_document_tagging\\Syllabus\\", "file__name": "englishk10.json", "syllabus__id": "ENe9B", "syllabus__description": "demonstrates developing skills and knowledge in grammar, punctuation and vocabulary when responding to and composing texts", "searchable_content": "{\"id\": 1566879983465, \"stage\": \"Early Stage 1\", \"category\": \"Objective B\", \"groupTitle\": \"Grammar, punctuation and vocabulary\", \"outcomes\": {\"label\": \"A student:\", \"outcomes\": [{\"code\": \"ENe9B\", \"description\": \"demonstrates developing skills and knowledge in grammar, punctuation and vocabulary when responding to and composing texts\"}]}, \"content\": {\"label\": \"Students:\", \"groups\": [{\"headline\": \"Develop and apply contextual knowledge\", \"items\": [{\"ccode\": null, \"text\": \"begin to understand that grammar, punctuation and vocabulary are needed to achieve the purpose of the text\", \"type\": \"description\", \"subItems\": []}, {\"ccode\": null, \"text\": \"show a growing awareness of words that enrich their vocabulary\", \"type\": \"description\", \"subItems\": []}], \"currentItem\": {\"ccode\": null, \"text\": \"show a growing awareness of words that enrich their vocabulary\", \"type\": \"description\", \"subItems\": []}}, {\"headline\": \"Understand and apply knowledge of language forms and features\", \"items\": [{\"ccode\": \"(ACELA1434)\", \"text\": \"recognise that texts are made up of words and groups of words that make meaning\", \"type\": \"curriculum\", \"subItems\": []}, {\"ccode\": \"(ACELA1435)\", \"text\": \"recognise that\\u00c2\\u00a0sentences are key units for expressing ideas\", \"type\": \"curriculum\", \"subItems\": []}, {\"ccode\": null, \"text\": \"identify statements, questions,\\u00c2\\u00a0commands and exclamations and their functions in texts\", \"type\": \"description\", \"subItems\": []}, {\"ccode\": null, \"text\": \"experiment with\\u00c2\\u00a0adverbial phrases in structured and guided activities to indicate when, where and how actions occurred, eg last week, at home\", \"type\": \"description\", \"subItems\": []}, {\"ccode\": null, \"text\": \"demonstrate an awareness of nouns,\\u00c2\\u00a0pronouns and conjunctions\", \"type\": \"description\", \"subItems\": []}, {\"ccode\": null, \"text\": \"recognise simple pronoun references to maintain meaning\", \"type\": \"description\", \"subItems\": []}, {\"ccode\": \"(ACELA1432)\", \"text\": \"understand that punctuation is a feature of written text different from letters; recognise how capital letters are used for names, and that capital letters and\\u00c2\\u00a0full stops signal the beginning and end of sentences\", \"type\": \"curriculum\", \"subItems\": []}, {\"ccode\": null, \"text\": \"identify features of sentence punctuation, eg question marks and exclamation marks, when reading and composing\", \"type\": \"description\", \"subItems\": []}], \"currentItem\": {\"ccode\": null, \"text\": \"identify features of sentence punctuation, eg question marks and exclamation marks, when reading and composing\", \"type\": \"description\", \"subItems\": []}}, {\"headline\": \"Understand and apply knowledge of vocabulary\", \"items\": [{\"ccode\": null, \"text\": \"begin to build personal vocabulary\", \"type\": \"description\", \"subItems\": []}, {\"ccode\": null, \"text\": \"know the meaning of commonly used words\", \"type\": \"description\", \"subItems\": []}, {\"ccode\": null, \"text\": \"demonstrate an awareness that some words have multiple meanings\", \"type\": \"description\", \"subItems\": []}], \"currentItem\": {\"ccode\": null, \"text\": \"demonstrate an awareness that some words have multiple meanings\", \"type\": \"description\", \"subItems\": []}}, {\"headline\": \"Respond\\u00c2\\u00a0to and\\u00c2\\u00a0compose texts\", \"items\": [{\"ccode\": null, \"text\": \"compose effective sentences in writing using appropriate word order\", \"type\": \"description\", \"subItems\": []}, {\"ccode\": null, \"text\": \"begin to use statements and questions with appropriate punctuation\", \"type\": \"description\", \"subItems\": []}, {\"ccode\": null, \"text\": \"attempt to incorporate unfamiliar words in writing\", \"type\": \"description\", \"subItems\": []}, {\"ccode\": null, \"text\": \"use a growing vocabulary to describe everyday events and experience\", \"type\": \"description\", \"subItems\": []}], \"currentItem\": {\"ccode\": null, \"text\": \"use a growing vocabulary to describe everyday events and experience\", \"type\": \"description\", \"subItems\": []}}], \"currentGroup\": {\"headline\": \"Respond\\u00c2\\u00a0to and\\u00c2\\u00a0compose texts\", \"items\": [{\"ccode\": null, \"text\": \"compose effective sentences in writing using appropriate word order\", \"type\": \"description\", \"subItems\": []}, {\"ccode\": null, \"text\": \"begin to use statements and questions with appropriate punctuation\", \"type\": \"description\", \"subItems\": []}, {\"ccode\": null, \"text\": \"attempt to incorporate unfamiliar words in writing\", \"type\": \"description\", \"subItems\": []}, {\"ccode\": null, \"text\": \"use a growing vocabulary to describe everyday events and experience\", \"type\": \"description\", \"subItems\": []}], \"currentItem\": {\"ccode\": null, \"text\": \"use a growing vocabulary to describe everyday events and experience\", \"type\": \"description\", \"subItems\": []}}}}"}},{"_index":"content_test__syllabus","_type":"_doc","_id":"ENe10C","_score":1.0,"_source":{"file__path": "c:\\Users\\dwotton\\OneDrive - NSW Department of Education\\Documents\\Projects\\ML_document_tagging\\Syllabus\\", "file__name": "englishk10.json", "syllabus__id": "ENe10C", "syllabus__description": "thinks imaginatively and creatively about familiar topics, simple ideas and the basic features of texts when responding to and composing texts", "searchable_content": "{\"id\": 1566879983466, \"stage\": \"Early Stage 1\", \"category\": \"Objective C\", \"groupTitle\": \"Thinking imaginatively and creatively\", \"outcomes\": {\"label\": \"A student:\", \"outcomes\": [{\"code\": \"ENe10C\", \"description\": \"thinks imaginatively and creatively about familiar topics, simple ideas and the basic features of texts when responding to and composing texts\"}]}, \"content\": {\"label\": \"Students:\", \"groups\": [{\"headline\": \"Engage personally with texts\", \"items\": [{\"ccode\": \"(ACELT1577)\", \"text\": \"respond to texts, identifying favourite stories, authors and illustrators\", \"type\": \"curriculum\", \"subItems\": []}, {\"ccode\": null, \"text\": \"share picture books and digital stories for enjoyment and pleasure\", \"type\": \"description\", \"subItems\": []}], \"currentItem\": {\"ccode\": null, \"text\": \"share picture books and digital stories for enjoyment and pleasure\", \"type\": \"description\", \"subItems\": []}}, {\"headline\": \"Develop and apply contextual knowledge\", \"items\": [{\"ccode\": null, \"text\": \"understand that imaginative texts can be composed for a range of audiences and purposes, using a range of media\", \"type\": \"description\", \"subItems\": []}, {\"ccode\": null, \"text\": \"engage with and appreciate the\\u00c2\\u00a0imaginative use of language through storytelling\", \"type\": \"description\", \"subItems\": []}], \"currentItem\": {\"ccode\": null, \"text\": \"engage with and appreciate the\\u00c2\\u00a0imaginative use of language through storytelling\", \"type\": \"description\", \"subItems\": []}}, {\"headline\": \"Understand and apply knowledge of language forms and features\", \"items\": [{\"ccode\": \"(ACELT1785)\", \"text\": \"recognise some different types of\\u00c2\\u00a0literary texts and identify some characteristic features of literary texts, for example beginnings and endings of traditional texts and rhyme in poetry\", \"type\": \"curriculum\", \"subItems\": []}, {\"ccode\": null, \"text\": \"discuss creative\\u00c2\\u00a0language features in\\u00c2\\u00a0imaginative texts that can enhance enjoyment, eg illustrations, repetition\", \"type\": \"description\", \"subItems\": []}], \"currentItem\": {\"ccode\": null, \"text\": \"discuss creative\\u00c2\\u00a0language features in\\u00c2\\u00a0imaginative texts that can enhance enjoyment, eg illustrations, repetition\", \"type\": \"description\", \"subItems\": []}}, {\"headline\": \"Respond\\u00c2\\u00a0to and compose texts\", \"items\": [{\"ccode\": null, \"text\": \"use imagination to represent aspects of an experience using written text, drawings and other visual media\", \"type\": \"description\", \"subItems\": []}, {\"ccode\": null, \"text\": \"respond to a range of imaginative and creative texts, including visual media\", \"type\": \"description\", \"subItems\": []}, {\"ccode\": \"(ACELT1580)\", \"text\": \"retell familiar literary texts through performance, use of illustrations and images\", \"type\": \"curriculum\", \"subItems\": []}, {\"ccode\": \"(ACELT1783)\", \"text\": \"share feelings and thoughts about the events and characters in texts\", \"type\": \"curriculum\", \"subItems\": []}, {\"ccode\": null, \"text\": \"discuss intended personal writing topics to form the basis for composing\", \"type\": \"description\", \"subItems\": []}, {\"ccode\": null, \"text\": \"communicate the purposes of drawings and other visual media\", \"type\": \"description\", \"subItems\": []}], \"currentItem\": {\"ccode\": null, \"text\": \"communicate the purposes of drawings and other visual media\", \"type\": \"description\", \"subItems\": []}}], \"currentGroup\": {\"headline\": \"Respond\\u00c2\\u00a0to and compose texts\", \"items\": [{\"ccode\": null, \"text\": \"use imagination to represent aspects of an experience using written text, drawings and other visual media\", \"type\": \"description\", \"subItems\": []}, {\"ccode\": null, \"text\": \"respond to a range of imaginative and creative texts, including visual media\", \"type\": \"description\", \"subItems\": []}, {\"ccode\": \"(ACELT1580)\", \"text\": \"retell familiar literary texts through performance, use of illustrations and images\", \"type\": \"curriculum\", \"subItems\": []}, {\"ccode\": \"(ACELT1783)\", \"text\": \"share feelings and thoughts about the events and characters in texts\", \"type\": \"curriculum\", \"subItems\": []}, {\"ccode\": null, \"text\": \"discuss intended personal writing topics to form the basis for composing\", \"type\": \"description\", \"subItems\": []}, {\"ccode\": null, \"text\": \"communicate the purposes of drawings and other visual media\", \"type\": \"description\", \"subItems\": []}], \"currentItem\": {\"ccode\": null, \"text\": \"communicate the purposes of drawings and other visual media\", \"type\": \"description\", \"subItems\": []}}}}"}}]}}