[
	{"label": "Aboriginal and Torres Strait Islander histories and cultures", "filename": "image4.png", "url": "https://www.australiancurriculum.edu.au/f-10-curriculum/cross-curriculum-priorities/aboriginal-and-torres-strait-islander-histories-and-cultures/"},
	{"label": "Asia and Australia’s engagement with Asia", "filename": "image5.png", "url": "https://www.australiancurriculum.edu.au/f-10-curriculum/cross-curriculum-priorities/asia-and-australia-s-engagement-with-asia/"},
	{"label": "Sustainability", "filename": "image6.png", "url": "https://www.australiancurriculum.edu.au/f-10-curriculum/cross-curriculum-priorities/sustainability/"},
	{"label": "Critical and creative thinking", "filename": "image7.png", "url": "https://www.australiancurriculum.edu.au/f-10-curriculum/general-capabilities/critical-and-creative-thinking/"},
	{"label": "Ethical understanding", "filename": "image8.png", "url": "https://www.australiancurriculum.edu.au/f-10-curriculum/general-capabilities/ethical-understanding/"},
	{"label": "Information and communication technology capability", "filename": "image9.png", "url": "https://www.australiancurriculum.edu.au/f-10-curriculum/general-capabilities/information-and-communication-technology-ict-capability/"},
	{"label": "Intercultural understanding", "filename": "image10.png", "url": "https://www.australiancurriculum.edu.au/f-10-curriculum/general-capabilities/intercultural-understanding/"},
	{"label": "Literacy", "filename": "image11.png", "url": "https://www.australiancurriculum.edu.au/f-10-curriculum/general-capabilities/literacy/"},
	{"label": "Numeracy", "filename": "image12.png", "url": "https://www.australiancurriculum.edu.au/f-10-curriculum/general-capabilities/numeracy/"},
	{"label": "Personal and social capability", "filename": "image13.png", "url": "https://www.australiancurriculum.edu.au/f-10-curriculum/general-capabilities/personal-and-social-capability/"},
	{"label": "Civics and citizenship", "filename": "image14.png", "url": "https://www.australiancurriculum.edu.au/f-10-curriculum/humanities-and-social-sciences/civics-and-citizenship/"},
	{"label": "Difference and diversity", "filename": "image15.png", "url": "https://www.australiancurriculum.edu.au/resources/student-diversity/"},
	{"label": "Work and enterprise", "filename": "image16.png", "url": "https://www.australiancurriculum.edu.au/f-10-curriculum/work-studies/"}
]