{
  "name" : "Australian Curriculum",
  "children" : [{
      "name" : "Work Studies",
      "children" : [ {
        "name" : "Year 9",
        "children" : [ ],
        "description" : [ ]
      }, {
        "name" : "Year 10",
        "children" : [ ],
        "description" : [ ]
      }, {
        "name" : "Options",
        "children" : [ ],
        "description" : [ ]
      } ],
      "description" : [ ]
  }, {
    "name" : "English",
    "children" : [{
      "name" : "Foundation Year",
      "children" : [ ],
      "description" : [ ]
    }, {
      "name" : "Year 1",
      "children" : [ ],
      "description" : [ ]
    }, {
      "name" : "Year 2",
      "children" : [ ],
      "description" : [ ]
    }, {
      "name" : "Year 3",
      "children" : [ ],
      "description" : [ ]
    }, {
      "name" : "Year 4",
      "children" : [ ],
      "description" : [ ]
    }, {
      "name" : "Year 5",
      "children" : [ ],
      "description" : [ ]
    }, {
      "name" : "Year 6",
      "children" : [ ],
      "description" : [ ]
    }, {
      "name" : "Year 7",
      "children" : [ ],
      "description" : [ ]
    }, {
      "name" : "Year 8",
      "children" : [ ],
      "description" : [ ]
    }, {
      "name" : "Year 9",
      "children" : [ ],
      "description" : [ ]
    }, {
      "name" : "Year 10",
      "children" : [ ],
      "description" : [ ]
    } ],
    "description" : [ ]
  }, {
    "name" : "Mathematics",
    "children" : [ {
      "name" : "Foundation Year",
      "children" : [ ],
      "description" : [ ]
    }, {
      "name" : "Year 1",
      "children" : [ ],
      "description" : [ ]
    }, {
      "name" : "Year 2",
      "children" : [ ],
      "description" : [ ]
    }, {
      "name" : "Year 3",
      "children" : [ ],
      "description" : [ ]
    }, {
      "name" : "Year 4",
      "children" : [ ],
      "description" : [ ]
    }, {
      "name" : "Year 5",
      "children" : [ ],
      "description" : [ ]
    }, {
      "name" : "Year 6",
      "children" : [ ],
      "description" : [ ]
    }, {
      "name" : "Year 7",
      "children" : [ ],
      "description" : [ ]
    }, {
      "name" : "Year 8",
      "children" : [ ],
      "description" : [ ]
    }, {
      "name" : "Year 9",
      "children" : [ ],
      "description" : [ ]
    }, {
      "name" : "Year 10",
      "children" : [ ],
      "description" : [ ]
    }, {
      "name" : "Year 10A",
      "children" : [ ],
      "description" : [ ]
    } ],
    "description" : [ ]
  }, {
    "name" : "Science",
    "children" : [ {
      "name" : "Foundation Year",
      "children" : [ ],
      "description" : [ ]
    }, {
      "name" : "Year 1",
      "children" : [ ],
      "description" : [ ]
    }, {
      "name" : "Year 2",
      "children" : [ ],
      "description" : [ ]
    }, {
      "name" : "Year 3",
      "children" : [ ],
      "description" : [ ]
    }, {
      "name" : "Year 4",
      "children" : [ ],
      "description" : [ ]
    }, {
      "name" : "Year 5",
      "children" : [ ],
      "description" : [ ]
    }, {
      "name" : "Year 6",
      "children" : [ ],
      "description" : [ ]
    }, {
      "name" : "Year 7",
      "children" : [ ],
      "description" : [ ]
    }, {
      "name" : "Year 8",
      "children" : [ ],
      "description" : [ ]
    }, {
      "name" : "Year 9",
      "children" : [ ],
      "description" : [ ]
    }, {
      "name" : "Year 10",
      "children" : [ ],
      "description" : [ ]
    } ],
    "description" : [ ]
  }, {
    "name" : "Health and Physical Education",
    "children" : [ {
      "name" : "Foundation Year",
      "children" : [ ],
      "description" : [ ]
    }, {
      "name" : "Years 1 and 2",
      "children" : [ ],
      "description" : [ ]
    }, {
      "name" : "Years 3 and 4",
      "children" : [ ],
      "description" : [ ]
    }, {
      "name" : "Years 5 and 6",
      "children" : [ ],
      "description" : [ ]
    }, {
      "name" : "Years 7 and 8",
      "children" : [ ],
      "description" : [ ]
    }, {
      "name" : "Years 9 and 10",
      "children" : [ ],
      "description" : [ ]
    } ],
    "description" : [ ]
  }, {
    "name" : "Humanities and Social Sciences",
    "children" : [ {
      "name" : "HASS",
      "children" : [ ],
      "description" : [ ]
    }, {
      "name" : "History",
      "children" : [ ],
      "description" : [ ]
    }, {
      "name" : "Geography",
      "children" : [ ],
      "description" : [ ]
    }, {
      "name" : "Civics and Citizenship",
      "children" : [ ],
      "description" : [ ]
    }, {
      "name" : "Economics and Business",
      "children" : [ ],
      "description" : [ ]
    } ],
    "description" : [ ]
    }, {
      "name" : "Languages",
      "children" : [ {
        "name" : "Arabic",
        "children" : [ ],
        "description" : [ ]
      }, {
        "name" : "French",
        "children" : [ ],
        "description" : [ ]
      }, {
        "name" : "German",
        "children" : [ ],
        "description" : [ ]
      }, {
        "name" : "Hindi",
        "children" : [ ],
        "description" : [ ]
      }, {
        "name" : "Indonesian",
        "children" : [ ],
        "description" : [ ]
      }, {
        "name" : "Italian",
        "children" : [ ],
        "description" : [ ]
      }, {
        "name" : "Japanese",
        "children" : [ ],
        "description" : [ ]
      }, {
        "name" : "Korean",
        "children" : [ ],
        "description" : [ ]
      }, {
        "name" : "Modern Greek",
        "children" : [ ],
        "description" : [ ]
      }, {
        "name" : "Spanish",
        "children" : [ ],
        "description" : [ ]
      }, {
        "name" : "Turkish",
        "children" : [ ],
        "description" : [ ]
      }, {
        "name" : "Vietnamese",
        "children" : [ ],
        "description" : [ ]
      }, {
        "name" : "Auslan",
        "children" : [ ],
        "description" : [ ]
      }, {
        "name" : "Chinese",
        "children" : [ ],
        "description" : [ ]
      }, {
        "name" : "Framework for Aboriginal Languages and Torres Strait Islander Languages",
        "children" : [ ],
        "description" : [ ]
      }, {
        "name" : "Framework for Classical Languages",
        "children" : [ ],
        "description" : [ ]
      } ],
      "description" : [ ]
      }, {
        "name" : "Technologies",
        "children" : [ {
          "name" : "Design and Technologies",
          "children" : [ ],
          "description" : [ ]
        }, {
          "name" : "Digital Technologies",
          "children" : [ ],
          "description" : [ ]
        } ],
        "description" : [ ]
  }, {
    "name" : "The Arts",
    "children" : [ {
      "name" : "Dance",
      "children" : [ ],
      "description" : [ ]
    }, {
      "name" : "Drama",
      "children" : [ ],
      "description" : [ ]
    }, {
      "name" : "Media Arts",
      "children" : [ ],
      "description" : [ ]
    }, {
      "name" : "Music",
      "children" : [ ],
      "description" : [ ]
    }, {
      "name" : "Visual Arts",
      "children" : [ ],
      "description" : [ ]
    } ],
    "description" : [ ]
  } ],
  "description" : [ ]
}