[
    {"name":"flare.analytics.cluster.AgglomerativeCluster","size":3938,"imports":["flare.animate.Transitioner","flare.analytics.cluster.MergeEdge","flare.analytics.cluster.HierarchicalCluster"]},
    {"name":"flare.analytics.cluster.CommunityStructure","size":3812,"imports":["flare.analytics.cluster.HierarchicalCluster","flare.animate.Transitioner","flare.analytics.cluster.MergeEdge"]},
    {"name":"flare.analytics.cluster.HierarchicalCluster","size":6714,"imports":["flare.analytics.cluster.MergeEdge"]},
    {"name":"flare.analytics.cluster.MergeEdge","size":743,"imports":[]},
    {"name":"flare.analytics.graph.BetweennessCentrality","size":3534,"imports":["flare.animate.Transitioner"]},
    {"name":"flare.analytics.graph.LinkDistance","size":5731,"imports":["flare.animate.Transitioner","flare.analytics.graph.ShortestPaths"]},
    {"name":"flare.analytics.graph.MaxFlowMinCut","size":7840,"imports":["flare.animate.Transitioner"]},
    {"name":"flare.analytics.graph.ShortestPaths","size":5914,"imports":["flare.animate.Transitioner"]},
    {"name":"flare.analytics.graph.SpanningTree","size":3416,"imports":["flare.animate.Transitioner"]},
    {"name":"flare.analytics.optimization.AspectRatioBanker","size":7074,"imports":["flare.animate.Transitioner"]},
    {"name":"flare.animate.Easing","size":17010,"imports":["flare.animate.Transition"]},
    {"name":"flare.animate.FunctionSequence","size":5842,"imports":["flare.animate.Transition","flare.animate.Sequence","flare.animate.Transitioner"]},
    {"name":"flare.animate.interpolate.ArrayInterpolator","size":1983,"imports":["flare.animate.interpolate.Interpolator"]},
    {"name":"flare.animate.interpolate.ColorInterpolator","size":2047,"imports":["flare.animate.interpolate.Interpolator"]},
    {"name":"flare.animate.interpolate.DateInterpolator","size":1375,"imports":["flare.animate.interpolate.Interpolator"]},
    {"name":"flare.animate.interpolate.Interpolator","size":8746,"imports":["flare.animate.interpolate.NumberInterpolator","flare.animate.interpolate.ColorInterpolator","flare.animate.interpolate.PointInterpolator","flare.animate.interpolate.ObjectInterpolator","flare.animate.interpolate.MatrixInterpolator","flare.animate.interpolate.RectangleInterpolator","flare.animate.interpolate.DateInterpolator","flare.animate.interpolate.ArrayInterpolator"]},
    {"name":"flare.animate.interpolate.MatrixInterpolator","size":2202,"imports":["flare.animate.interpolate.Interpolator"]},
    {"name":"flare.animate.interpolate.NumberInterpolator","size":1382,"imports":["flare.animate.interpolate.Interpolator"]},
    {"name":"flare.animate.interpolate.ObjectInterpolator","size":1629,"imports":["flare.animate.interpolate.Interpolator"]},
    {"name":"flare.animate.interpolate.PointInterpolator","size":1675,"imports":["flare.animate.interpolate.Interpolator"]},
    {"name":"flare.animate.interpolate.RectangleInterpolator","size":2042,"imports":["flare.animate.interpolate.Interpolator"]},
    {"name":"flare.animate.ISchedulable","size":1041,"imports":["flare.animate.Scheduler"]},
    {"name":"flare.animate.Parallel","size":5176,"imports":["flare.animate.Easing","flare.animate.Transition"]},
    {"name":"flare.animate.Pause","size":449,"imports":["flare.animate.Transition"]},
    {"name":"flare.animate.Scheduler","size":5593,"imports":["flare.animate.ISchedulable","flare.animate.Pause","flare.animate.Transition"]},
    {"name":"flare.animate.Sequence","size":5534,"imports":["flare.animate.Easing","flare.animate.Transition"]},
    {"name":"flare.animate.Transition","size":9201,"imports":["flare.animate.Transitioner","flare.animate.TransitionEvent","flare.animate.Scheduler","flare.animate.Pause","flare.animate.Parallel","flare.animate.Easing","flare.animate.Sequence","flare.animate.ISchedulable","flare.animate.Tween"]},
    {"name":"flare.animate.Transitioner","size":19975,"imports":["flare.animate.Parallel","flare.animate.Easing","flare.animate.Sequence","flare.animate.Transition","flare.animate.Tween"]},
    {"name":"flare.animate.TransitionEvent","size":1116,"imports":["flare.animate.Transition"]},
    {"name":"flare.animate.Tween","size":6006,"imports":["flare.animate.Transitioner","flare.animate.Transition","flare.animate.interpolate.Interpolator"]},
    {"name":"flare.data.converters.Converters","size":721,"imports":["flare.data.converters.IDataConverter","flare.data.converters.GraphMLConverter","flare.data.converters.JSONConverter","flare.data.converters.DelimitedTextConverter"]},
    {"name":"flare.data.converters.DelimitedTextConverter","size":4294,"imports":["flare.data.DataSet","flare.data.DataUtil","flare.data.DataTable","flare.data.converters.IDataConverter","flare.data.DataSchema","flare.data.DataField"]},
    {"name":"flare.data.converters.GraphMLConverter","size":9800,"imports":["flare.data.DataSet","flare.data.DataUtil","flare.data.DataTable","flare.data.converters.IDataConverter","flare.data.DataSchema","flare.data.DataField"]},
    {"name":"flare.data.converters.IDataConverter","size":1314,"imports":["flare.data.DataSet","flare.data.DataSchema"]},
    {"name":"flare.data.converters.JSONConverter","size":2220,"imports":["flare.data.DataSet","flare.data.DataUtil","flare.data.DataTable","flare.data.converters.IDataConverter","flare.data.DataSchema","flare.data.DataField"]},
    {"name":"flare.data.DataField","size":1759,"imports":["flare.data.DataUtil"]},
    {"name":"flare.data.DataSchema","size":2165,"imports":["flare.data.DataField"]},
    {"name":"flare.data.DataSet","size":586,"imports":["flare.data.DataTable"]},
    {"name":"flare.data.DataSource","size":3331,"imports":["flare.data.converters.IDataConverter","flare.data.converters.Converters","flare.data.DataSchema"]},
    {"name":"flare.data.DataTable","size":772,"imports":["flare.data.DataSchema"]},
    {"name":"flare.data.DataUtil","size":3322,"imports":["flare.data.DataField","flare.data.DataSchema"]}
    ]